City,State,Latitude,Longitude,Year,Month,NDVI,NDBI,NDWI,Elevation (m),LST (°C)
Mumbai,Mahārāshtra,19.0758,72.8775,2025,January,0.0541,0.013,-0.1062,5,31.56
Kolkata,West Bengal,22.5675,88.37,2025,January,0.0663,0.0186,-0.1092,6,24.12
Delhi,Delhi,28.66,77.23,2025,January,0.1913,0.0343,-0.2325,219,17.17
Chennai,Tamil Nādu,13.0825,80.275,2025,January,0.075,0.2411,-0.0624,9,28.83
Bangalore,Karnātaka,12.9791,77.5913,2025,January,0.2829,-0.0335,-0.3058,924,25.5
Ahmedabad,Gujarāt,23.0219,72.5797,2025,January,0.2587,-0.0913,-0.3128,52,24.64
Pune,Mahārāshtra,18.5211,73.8553,2025,January,0.2593,-0.0385,-0.2915,554,27.59
Hyderabad,Telangāna,17.3617,78.4747,2025,January,0.0479,0.1242,-0.0669,508,27.88
Surat,Gujarāt,21.205,72.84,2025,January,0.1105,0.0555,-0.1842,14,27.93
Prayagraj,Uttar Pradesh,25.45,81.85,2025,January,0.3765,-0.0364,-0.3846,95,21.3
Kanpur,Gujarāt,24.285,72.6933,2025,January,0.5145,-0.0987,-0.5381,335,23.86
Kanpur,Uttar Pradesh,26.4725,80.3311,2025,January,0.1433,0.0419,-0.1871,132,21.36
Belahi,Bihār,25.7167,86.4,2025,January,0.3353,-0.0952,-0.3124,41,18.24
Vadodara,Gujarāt,22.3,73.2,2025,January,0.2054,0.0229,-0.2261,38,26.24
Nadampalaiyam,Tamil Nādu,11.1793,77.376,2025,January,0.1236,0.0605,-0.1653,318,29.46
Lucknow,Uttar Pradesh,26.847,80.947,2025,January,0.0649,0.1625,-0.0965,115,20.74
Kannankulam,Kerala,10.4799,76.1131,2025,January,0.5494,-0.101,-0.5327,13,29.24
Mahuakheraganj,Uttarākhand,29.13,78.95,2025,January,0.0288,-0.0571,-0.0086,222,18.29
Nagla,Uttarākhand,29.01,79.51,2025,January,0.5948,-0.2119,-0.5339,227,18.3
Jaipur,Rājasthān,26.915,75.82,2025,January,0.6703,-0.1858,-0.6439,441,19.62
Kottarassheri,Kerala,10.6167,76.5333,2025,January,0.2946,0.254,-0.3723,147,26.93
Attadappa,Kerala,11.85,75.4167,2025,January,0.7518,-0.3398,-0.6632,37,29.36
Barmhan Kalan,Madhya Pradesh,23.0333,79.0167,2025,January,0.6494,-0.2005,-0.5953,337,20.9
Gorakhpur,Chhattīsgarh,22.1688,81.6042,2025,January,0.2949,0.0075,-0.3619,305,24.22
Nagpur,Mahārāshtra,21.1497,79.0806,2025,January,0.2496,-0.0981,-0.2859,318,25.16
Guwahati,Assam,26.1806,91.7502,2025,January,0.0371,0.1419,-0.125,57,21.39
Ghaziabad,Uttar Pradesh,28.6667,77.4167,2025,January,0.1984,-0.0477,-0.2123,211,17.9
Coimbatore,Tamil Nādu,11.0008,76.9633,2025,January,0.2683,0.0274,-0.2434,417,28.36
Patna,Bihār,25.61,85.1414,2025,January,0.1094,0.1394,-0.1731,63,18.96
Rajkot,Gujarāt,22.2969,70.7984,2025,January,0.0742,0.1987,-0.1009,134,24.32
Vishakhapatnam,Andhra Pradesh,17.6939,83.2922,2025,January,0.2128,0.0383,-0.2525,12,26.97
Indore,Madhya Pradesh,22.7186,75.855,2025,January,0.0778,0.1322,-0.1959,553,24.08
Abhepur,Punjab,30.6667,76.8333,2025,January,0.1956,-0.0472,-0.223,311,17.15
Gumanwala,Uttarākhand,29.9333,77.9,2025,January,0.5126,-0.2134,-0.4894,277,17.47
Thane,Mahārāshtra,19.18,72.9633,2025,January,0.2147,0.0062,-0.2712,14,29.41
Bhopal,Madhya Pradesh,23.25,77.4167,2025,January,0.0756,0.0883,-0.1125,512,22.02
Agra,Uttar Pradesh,27.18,78.02,2025,January,0.3195,0.0303,-0.4133,184,17.27
Peyanvilai,Tamil Nādu,8.5674,78.1046,2025,January,0.2312,0.024,-0.2932,8,28.0
Pimpri-Chinchwad,Mahārāshtra,18.6278,73.8131,2025,January,0.418,-0.0835,-0.4487,584,28.38
Harbatpur,Uttarākhand,30.45,77.73,2025,January,0.2255,0.0664,-0.2872,445,15.26
Saundhonwali,Uttarākhand,30.3331,77.9608,2025,January,0.0886,0.0105,-0.147,612,15.73
Ludhiana,Punjab,30.9083,75.8486,2025,January,0.085,-0.1673,-0.0665,243,17.0
Meerut,Uttar Pradesh,28.98,77.7064,2025,January,0.1052,0.089,-0.1865,228,18.0
Madurai,Tamil Nādu,9.9197,78.1194,2025,January,-0.0132,-0.0734,0.054,141,30.52
Nasik,Mahārāshtra,20.0,73.7833,2025,January,0.1224,0.1221,-0.1916,588,26.05
Faridabad,Haryāna,28.4167,77.3,2025,January,0.3054,0.0643,-0.3399,208,18.11
Madarpur,Bihār,26.227,84.6746,2025,January,-0.0051,0.153,-0.0731,69,18.93
Najafgarh,Delhi,28.6125,76.9847,2025,January,0.0992,0.0357,-0.1471,220,16.51
Jabalpur,Madhya Pradesh,23.1667,79.9333,2025,January,0.1655,0.0861,-0.2137,399,22.1
Madanpur,Uttarākhand,29.326,79.1537,2025,January,0.4936,-0.0373,-0.5054,315,17.73
Kamalwaganja Gaur,Uttarākhand,29.2117,79.4654,2025,January,0.4144,0.035,-0.4342,383,18.24
Kalyan,Mahārāshtra,19.25,73.15,2025,January,0.1762,0.1593,-0.2404,10,28.74
Asansol,West Bengal,23.6833,86.9667,2025,January,0.1474,0.1026,-0.1785,125,21.42
Vijayawada ,Andhra Pradesh,16.5167,80.6167,2025,January,0.1382,-0.0669,-0.1118,27,26.99
Vasai-Virar,Mahārāshtra,19.47,72.8,2025,January,0.1091,0.1898,-0.196,0,28.76
Varanasi,Uttar Pradesh,25.3189,83.0128,2025,January,0.0868,-0.023,-0.0818,78,19.21
Kalleli,Kerala,9.2,76.8833,2025,January,0.6934,-0.133,-0.6752,133,27.44
Srinagar,Jammu and Kashmīr,34.0911,74.8061,2025,January,-0.0315,-0.1665,0.0726,1595,9.25
Aurangabad,Mahārāshtra,19.88,75.32,2025,January,0.3366,-0.0623,-0.3808,564,27.64
Dhanbad,Jhārkhand,23.7928,86.435,2025,January,0.3043,0.0783,-0.3574,245,21.66
Amritsar,Punjab,31.6269,74.877,2025,January,0.2161,-0.1542,-0.1743,234,15.81
Haora,West Bengal,22.58,88.3294,2025,January,0.0787,0.0522,-0.0975,12,21.81
Ranchi,Jhārkhand,23.3556,85.3347,2025,January,0.4819,-0.0336,-0.4783,643,21.11
Gwalior,Madhya Pradesh,26.2125,78.1775,2025,January,0.0971,0.0661,-0.2136,215,20.25
Jodhpur,Rājasthān,26.2944,73.0278,2025,January,0.1678,0.061,-0.231,251,21.22
Chandigarh,Chandīgarh,30.7364,76.7883,2025,January,0.3479,-0.1393,-0.3205,349,16.24
Raipur,Chhattīsgarh,21.2379,81.6337,2025,January,0.0642,0.0725,-0.1296,309,25.84
Warangal,Telangāna,17.9756,79.6011,2025,January,0.0385,0.079,-0.077,269,26.86
Kota,Rājasthān,25.18,75.83,2025,January,0.065,-0.0324,-0.0643,230,20.81
Bareilly,Uttar Pradesh,28.364,79.415,2025,January,0.072,0.0731,-0.1132,180,18.83
Solapur,Mahārāshtra,17.6703,75.9011,2025,January,0.1876,0.0697,-0.2462,474,28.7
Hubli,Karnātaka,15.3108,75.0925,2025,January,0.1972,0.0709,-0.2717,618,27.51
Mysore,Karnātaka,12.3086,76.6531,2025,January,0.088,0.0773,-0.1295,747,26.69
Trichinopoly,Tamil Nādu,10.8269,78.6928,2025,January,0.3376,-0.0268,-0.3596,74,27.49
Moradabad,Uttar Pradesh,28.8389,78.7769,2025,January,0.087,0.0494,-0.0858,205,18.82
Tiruppur,Tamil Nādu,11.1075,77.3398,2025,January,0.2692,-0.0049,-0.2764,305,29.33
Jamnagar,Gujarāt,22.47,70.07,2025,January,0.2474,0.0765,-0.2755,21,24.31
Gurgaon,Haryāna,28.4667,77.0333,2025,January,0.2867,-0.1155,-0.3452,224,17.03
Aligarh,Uttar Pradesh,27.88,78.08,2025,January,0.1868,-0.0387,-0.2249,190,20.02
Jalandhar,Punjab,31.3256,75.5792,2025,January,-0.0123,-0.03,0.0104,242,16.86
Bhubaneshwar,Odisha,20.295,85.825,2025,January,0.1456,-0.0621,-0.1995,47,25.23
Bhayandar,Mahārāshtra,19.3,72.85,2025,January,0.1732,0.1015,-0.2621,9,29.02
Narela,Delhi,28.85,77.1,2025,January,0.2889,0.0398,-0.3523,212,16.48
Shishgarh,Uttar Pradesh,28.72,79.32,2025,January,0.7341,-0.4095,-0.6428,181,17.6
Thiruvananthapuram,Kerala,8.4875,76.9525,2025,January,0.106,0.0716,-0.1533,15,33.56
Dispur,Assam,26.15,91.77,2025,January,0.5185,-0.1042,-0.4628,116,22.11
Durgapur,West Bengal,23.55,87.32,2025,January,0.2257,0.0103,-0.2668,90,20.96
Bhiwandi,Mahārāshtra,19.3,73.0667,2025,January,0.078,-0.0458,-0.1601,25,31.62
Saharanpur,Uttar Pradesh,29.964,77.546,2025,January,0.0378,-0.0055,-0.0582,280,18.49
Shiliguri,West Bengal,26.72,88.42,2025,January,0.1578,0.0497,-0.1718,119,23.07
Avadi,Tamil Nādu,13.1147,80.1098,2025,January,0.2952,-0.1339,-0.2401,32,27.18
Salem,Tamil Nādu,11.65,78.1667,2025,January,0.0427,0.0802,-0.0893,285,29.31
Jui,Uttarākhand,29.67,78.9098,2025,January,0.8195,-0.1454,-0.7483,890,15.61
Amaldu,Uttarākhand,29.9333,78.5333,2025,January,0.4504,0.0668,-0.5389,1406,14.17
Kimsar,Jammu and Kashmīr,34.5,74.5333,2025,January,0.1349,-0.4062,-0.1241,3058,-4.13
Sinduri,Himāchal Pradesh,30.7167,77.15,2025,January,0.2522,0.0467,-0.3585,943,15.38
Gorakhpur,Uttar Pradesh,26.7611,83.3667,2025,January,-0.0881,0.0103,0.0803,84,19.63
Guntur,Andhra Pradesh,16.3,80.45,2025,January,0.1686,-0.0586,-0.1604,34,29.21
Karaikandi,Assam,24.8309,92.6143,2025,January,0.6561,-0.2155,-0.5737,20,22.05
Mumbai,Mahārāshtra,19.0758,72.8775,2025,February,0.0696,0.0628,-0.1399,5,34.7
Kolkata,West Bengal,22.5675,88.37,2025,February,0.0855,0.0592,-0.1735,6,29.1
Delhi,Delhi,28.66,77.23,2025,February,0.1801,0.1086,-0.271,219,23.01
Chennai,Tamil Nādu,13.0825,80.275,2025,February,0.0803,0.2474,-0.0889,9,31.66
Bangalore,Karnātaka,12.9791,77.5913,2025,February,0.341,-0.0854,-0.3657,924,29.82
Ahmedabad,Gujarāt,23.0219,72.5797,2025,February,0.299,-0.0794,-0.3268,52,28.84
Pune,Mahārāshtra,18.5211,73.8553,2025,February,0.2976,-0.0263,-0.3278,554,31.63
Hyderabad,Telangāna,17.3617,78.4747,2025,February,0.108,0.2063,-0.2059,508,32.23
Surat,Gujarāt,21.205,72.84,2025,February,0.1446,0.0504,-0.2244,14,31.71
Prayagraj,Uttar Pradesh,25.45,81.85,2025,February,0.3171,0.015,-0.3636,95,24.91
Kanpur,Gujarāt,24.285,72.6933,2025,February,0.4643,-0.0819,-0.5112,335,28.61
Kanpur,Uttar Pradesh,26.4725,80.3311,2025,February,0.1183,0.0512,-0.1768,132,24.92
Belahi,Bihār,25.7167,86.4,2025,February,0.2595,-0.0392,-0.2779,41,21.64
Vadodara,Gujarāt,22.3,73.2,2025,February,0.2914,-0.0404,-0.3189,38,29.69
Nadampalaiyam,Tamil Nādu,11.1793,77.376,2025,February,0.1035,0.1118,-0.1737,318,32.52
Lucknow,Uttar Pradesh,26.847,80.947,2025,February,0.09,0.1644,-0.1473,115,24.16
Kannankulam,Kerala,10.4799,76.1131,2025,February,0.5023,-0.1146,-0.4722,13,31.23
Mahuakheraganj,Uttarākhand,29.13,78.95,2025,February,0.4175,-0.1998,-0.3861,222,20.1
Nagla,Uttarākhand,29.01,79.51,2025,February,0.6163,-0.2044,-0.5831,227,20.16
Jaipur,Rājasthān,26.915,75.82,2025,February,0.5339,-0.1062,-0.5486,441,24.32
Kottarassheri,Kerala,10.6167,76.5333,2025,February,0.2682,0.2468,-0.3801,147,29.59
Attadappa,Kerala,11.85,75.4167,2025,February,0.6836,-0.2856,-0.6128,37,31.49
Barmhan Kalan,Madhya Pradesh,23.0333,79.0167,2025,February,0.7373,-0.1724,-0.6895,337,25.88
Gorakhpur,Chhattīsgarh,22.1688,81.6042,2025,February,0.2381,0.0656,-0.3022,305,28.23
Nagpur,Mahārāshtra,21.1497,79.0806,2025,February,0.2977,-0.1076,-0.3333,318,30.05
Guwahati,Assam,26.1806,91.7502,2025,February,0.0367,0.1115,-0.1122,57,22.91
Ghaziabad,Uttar Pradesh,28.6667,77.4167,2025,February,0.2114,0.0154,-0.2072,211,23.78
Coimbatore,Tamil Nādu,11.0008,76.9633,2025,February,0.1779,-0.0045,-0.1593,417,32.42
Patna,Bihār,25.61,85.1414,2025,February,0.1272,0.1603,-0.1927,63,24.42
Rajkot,Gujarāt,22.2969,70.7984,2025,February,0.0846,0.2358,-0.1707,134,29.37
Vishakhapatnam,Andhra Pradesh,17.6939,83.2922,2025,February,0.1457,0.1244,-0.1903,12,30.27
Indore,Madhya Pradesh,22.7186,75.855,2025,February,0.0712,0.198,-0.2064,553,28.99
Abhepur,Punjab,30.6667,76.8333,2025,February,0.1671,-0.0274,-0.2064,311,21.45
Gumanwala,Uttarākhand,29.9333,77.9,2025,February,0.6815,-0.3193,-0.6137,277,19.47
Thane,Mahārāshtra,19.18,72.9633,2025,February,0.2917,-0.0507,-0.3377,14,32.86
Bhopal,Madhya Pradesh,23.25,77.4167,2025,February,0.105,0.091,-0.1678,512,26.73
Agra,Uttar Pradesh,27.18,78.02,2025,February,0.3671,0.0791,-0.4217,184,22.57
Peyanvilai,Tamil Nādu,8.5674,78.1046,2025,February,0.195,0.0685,-0.268,8,30.55
Pimpri-Chinchwad,Mahārāshtra,18.6278,73.8131,2025,February,0.6798,-0.259,-0.6155,584,32.63
Harbatpur,Uttarākhand,30.45,77.73,2025,February,0.1917,0.1093,-0.2813,445,19.52
Saundhonwali,Uttarākhand,30.3331,77.9608,2025,February,0.0568,0.0447,-0.1348,612,19.65
Ludhiana,Punjab,30.9083,75.8486,2025,February,0.1473,-0.0412,-0.1635,243,20.31
Meerut,Uttar Pradesh,28.98,77.7064,2025,February,0.1157,0.0887,-0.1773,228,22.68
Madurai,Tamil Nādu,9.9197,78.1194,2025,February,0.1455,0.2782,-0.3183,141,32.92
Nasik,Mahārāshtra,20.0,73.7833,2025,February,0.1028,0.1183,-0.1824,588,30.6
Faridabad,Haryāna,28.4167,77.3,2025,February,0.2456,0.0598,-0.3047,208,22.89
Madarpur,Bihār,26.227,84.6746,2025,February,0.0821,0.0806,-0.1735,69,21.76
Najafgarh,Delhi,28.6125,76.9847,2025,February,0.0482,-0.0162,-0.0469,220,22.37
Jabalpur,Madhya Pradesh,23.1667,79.9333,2025,February,0.1577,0.121,-0.2202,399,27.94
Madanpur,Uttarākhand,29.326,79.1537,2025,February,0.5856,-0.1571,-0.5978,315,20.95
Kamalwaganja Gaur,Uttarākhand,29.2117,79.4654,2025,February,0.4283,0.0898,-0.4478,383,21.64
Kalyan,Mahārāshtra,19.25,73.15,2025,February,0.1892,0.1391,-0.2461,10,32.6
Asansol,West Bengal,23.6833,86.9667,2025,February,0.1577,0.14,-0.2116,125,27.33
Vijayawada ,Andhra Pradesh,16.5167,80.6167,2025,February,0.3765,-0.0409,-0.3615,27,30.18
Vasai-Virar,Mahārāshtra,19.47,72.8,2025,February,0.1632,0.2382,-0.2335,0,32.96
Varanasi,Uttar Pradesh,25.3189,83.0128,2025,February,0.1627,0.0335,-0.2562,78,24.39
Kalleli,Kerala,9.2,76.8833,2025,February,0.7476,-0.2333,-0.6905,133,30.41
Srinagar,Jammu and Kashmīr,34.0911,74.8061,2025,February,0.1048,0.1505,-0.1384,1595,13.48
Aurangabad,Mahārāshtra,19.88,75.32,2025,February,0.2752,-0.0024,-0.3232,564,31.93
Dhanbad,Jhārkhand,23.7928,86.435,2025,February,0.2172,0.1004,-0.2354,245,27.35
Amritsar,Punjab,31.6269,74.877,2025,February,0.1138,-0.0197,-0.1834,234,20.33
Haora,West Bengal,22.58,88.3294,2025,February,0.0382,0.143,-0.0835,12,26.99
Ranchi,Jhārkhand,23.3556,85.3347,2025,February,0.347,-0.0441,-0.37,643,26.17
Gwalior,Madhya Pradesh,26.2125,78.1775,2025,February,0.0827,0.0802,-0.1902,215,24.44
Jodhpur,Rājasthān,26.2944,73.0278,2025,February,0.1419,0.0558,-0.1978,251,26.84
Chandigarh,Chandīgarh,30.7364,76.7883,2025,February,0.3161,-0.0768,-0.2923,349,20.44
Raipur,Chhattīsgarh,21.2379,81.6337,2025,February,0.0802,0.0864,-0.1336,309,30.55
Warangal,Telangāna,17.9756,79.6011,2025,February,0.0877,0.0996,-0.1429,269,30.93
Kota,Rājasthān,25.18,75.83,2025,February,0.1819,0.0158,-0.2232,230,25.14
Bareilly,Uttar Pradesh,28.364,79.415,2025,February,0.0106,0.1681,-0.0674,180,22.13
Solapur,Mahārāshtra,17.6703,75.9011,2025,February,0.1652,0.0775,-0.2223,474,33.47
Hubli,Karnātaka,15.3108,75.0925,2025,February,0.1857,0.0904,-0.2652,618,32.18
Mysore,Karnātaka,12.3086,76.6531,2025,February,0.0753,0.1727,-0.13,747,31.0
Trichinopoly,Tamil Nādu,10.8269,78.6928,2025,February,0.2207,0.0355,-0.2439,74,30.68
Moradabad,Uttar Pradesh,28.8389,78.7769,2025,February,0.1256,0.0982,-0.1382,205,22.12
Tiruppur,Tamil Nādu,11.1075,77.3398,2025,February,0.2652,0.0403,-0.2839,305,32.47
Jamnagar,Gujarāt,22.47,70.07,2025,February,0.2266,0.0895,-0.2552,21,29.35
Gurgaon,Haryāna,28.4667,77.0333,2025,February,0.1794,-0.055,-0.2416,224,22.59
Aligarh,Uttar Pradesh,27.88,78.08,2025,February,0.1818,-0.038,-0.2284,190,21.93
Jalandhar,Punjab,31.3256,75.5792,2025,February,-0.0184,-0.0348,0.0569,242,20.59
Bhubaneshwar,Odisha,20.295,85.825,2025,February,0.1242,-0.0553,-0.1855,47,30.14
Bhayandar,Mahārāshtra,19.3,72.85,2025,February,0.177,0.0664,-0.2973,9,32.68
Narela,Delhi,28.85,77.1,2025,February,0.3463,0.0027,-0.3835,212,20.85
Shishgarh,Uttar Pradesh,28.72,79.32,2025,February,0.8793,-0.4631,-0.7906,181,20.42
Thiruvananthapuram,Kerala,8.4875,76.9525,2025,February,0.0891,0.079,-0.1579,15,34.5
Dispur,Assam,26.15,91.77,2025,February,0.2805,0.0024,-0.2565,116,24.3
Durgapur,West Bengal,23.55,87.32,2025,February,0.2271,0.0808,-0.2781,90,27.08
Bhiwandi,Mahārāshtra,19.3,73.0667,2025,February,0.0863,-0.0298,-0.178,25,35.78
Saharanpur,Uttar Pradesh,29.964,77.546,2025,February,0.0563,0.0098,-0.1046,280,21.47
Shiliguri,West Bengal,26.72,88.42,2025,February,0.0191,-0.0339,-0.0053,119,25.1
Avadi,Tamil Nādu,13.1147,80.1098,2025,February,0.3466,0.0032,-0.3592,32,30.76
Salem,Tamil Nādu,11.65,78.1667,2025,February,0.0789,0.1195,-0.1997,285,32.52
Jui,Uttarākhand,29.67,78.9098,2025,February,0.7831,-0.0994,-0.7464,890,18.88
Amaldu,Uttarākhand,29.9333,78.5333,2025,February,0.357,0.1351,-0.4608,1406,17.05
Kimsar,Jammu and Kashmīr,34.5,74.5333,2025,February,0.1784,-0.5806,-0.1705,3058,-3.54
Sinduri,Himāchal Pradesh,30.7167,77.15,2025,February,0.2218,0.0392,-0.3321,943,19.47
Gorakhpur,Uttar Pradesh,26.7611,83.3667,2025,February,0.1236,0.0506,-0.1834,84,23.79
Guntur,Andhra Pradesh,16.3,80.45,2025,February,0.2169,0.0789,-0.2636,34,32.77
Karaikandi,Assam,24.8309,92.6143,2025,February,0.4565,-0.1129,-0.3945,20,23.27
Mumbai,Mahārāshtra,19.0758,72.8775,2025,March,0.0545,0.0651,-0.11,5,37.23
Kolkata,West Bengal,22.5675,88.37,2025,March,0.0681,0.0549,-0.1348,6,34.22
Delhi,Delhi,28.66,77.23,2025,March,0.2293,0.1238,-0.3395,219,31.69
Chennai,Tamil Nādu,13.0825,80.275,2025,March,0.0944,0.2543,-0.1074,9,33.46
Bangalore,Karnātaka,12.9791,77.5913,2025,March,0.3174,-0.0584,-0.3628,924,31.84
Ahmedabad,Gujarāt,23.0219,72.5797,2025,March,0.274,-0.0201,-0.2824,52,35.73
Pune,Mahārāshtra,18.5211,73.8553,2025,March,0.3483,-0.0376,-0.3841,554,34.74
Hyderabad,Telangāna,17.3617,78.4747,2025,March,0.1057,0.1928,-0.1902,508,34.5
Surat,Gujarāt,21.205,72.84,2025,March,0.1273,0.0399,-0.1904,14,36.47
Prayagraj,Uttar Pradesh,25.45,81.85,2025,March,0.2895,0.0326,-0.3526,95,33.06
Kanpur,Gujarāt,24.285,72.6933,2025,March,0.4257,-0.042,-0.481,335,37.78
Kanpur,Uttar Pradesh,26.4725,80.3311,2025,March,0.0758,0.0826,-0.1556,132,32.68
Belahi,Bihār,25.7167,86.4,2025,March,0.4554,-0.0684,-0.4342,41,26.98
Vadodara,Gujarāt,22.3,73.2,2025,March,0.3366,-0.0141,-0.3696,38,35.61
Nadampalaiyam,Tamil Nādu,11.1793,77.376,2025,March,0.1213,0.1084,-0.1728,318,34.42
Lucknow,Uttar Pradesh,26.847,80.947,2025,March,0.079,0.1764,-0.1536,115,32.57
Kannankulam,Kerala,10.4799,76.1131,2025,March,0.4052,-0.0513,-0.3685,13,31.13
Mahuakheraganj,Uttarākhand,29.13,78.95,2025,March,0.2421,-0.0416,-0.2969,222,27.97
Nagla,Uttarākhand,29.01,79.51,2025,March,0.5985,-0.1642,-0.5825,227,27.4
Jaipur,Rājasthān,26.915,75.82,2025,March,0.4525,-0.094,-0.4992,441,33.04
Kottarassheri,Kerala,10.6167,76.5333,2025,March,0.2608,0.2569,-0.326,147,31.2
Attadappa,Kerala,11.85,75.4167,2025,March,0.6804,-0.2356,-0.6201,37,30.62
Barmhan Kalan,Madhya Pradesh,23.0333,79.0167,2025,March,0.5357,-0.1011,-0.5518,337,32.73
Gorakhpur,Chhattīsgarh,22.1688,81.6042,2025,March,0.1264,0.041,-0.204,305,33.67
Nagpur,Mahārāshtra,21.1497,79.0806,2025,March,0.2625,-0.0391,-0.3138,318,34.67
Guwahati,Assam,26.1806,91.7502,2025,March,0.0448,0.116,-0.1693,57,27.21
Ghaziabad,Uttar Pradesh,28.6667,77.4167,2025,March,0.1885,0.0432,-0.2328,211,32.1
Coimbatore,Tamil Nādu,11.0008,76.9633,2025,March,0.2294,0.0209,-0.233,417,34.36
Patna,Bihār,25.61,85.1414,2025,March,0.1285,0.1551,-0.2036,63,31.9
Rajkot,Gujarāt,22.2969,70.7984,2025,March,0.0592,0.1743,-0.1483,134,36.36
Vishakhapatnam,Andhra Pradesh,17.6939,83.2922,2025,March,0.1973,0.1322,-0.2576,12,32.63
Indore,Madhya Pradesh,22.7186,75.855,2025,March,0.0658,0.1984,-0.1906,553,35.84
Abhepur,Punjab,30.6667,76.8333,2025,March,0.1928,0.0155,-0.2676,311,30.05
Gumanwala,Uttarākhand,29.9333,77.9,2025,March,0.729,-0.3278,-0.6711,277,27.24
Thane,Mahārāshtra,19.18,72.9633,2025,March,0.2317,-0.0177,-0.2871,14,35.09
Bhopal,Madhya Pradesh,23.25,77.4167,2025,March,0.1058,0.0955,-0.1614,512,32.32
Agra,Uttar Pradesh,27.18,78.02,2025,March,0.2838,0.1145,-0.4273,184,31.66
Peyanvilai,Tamil Nādu,8.5674,78.1046,2025,March,0.2628,-0.0044,-0.2777,8,30.83
Pimpri-Chinchwad,Mahārāshtra,18.6278,73.8131,2025,March,0.777,-0.3285,-0.7512,584,35.84
Harbatpur,Uttarākhand,30.45,77.73,2025,March,0.246,0.0899,-0.3397,445,25.72
Saundhonwali,Uttarākhand,30.3331,77.9608,2025,March,0.0589,0.0608,-0.1466,612,26.95
Ludhiana,Punjab,30.9083,75.8486,2025,March,0.3461,-0.0815,-0.3693,243,30.07
Meerut,Uttar Pradesh,28.98,77.7064,2025,March,0.0978,0.1101,-0.1918,228,31.09
Madurai,Tamil Nādu,9.9197,78.1194,2025,March,0.1366,0.2626,-0.3099,141,34.88
Nasik,Mahārāshtra,20.0,73.7833,2025,March,0.1091,0.094,-0.1807,588,34.77
Faridabad,Haryāna,28.4167,77.3,2025,March,0.3141,0.0331,-0.3636,208,31.7
Madarpur,Bihār,26.227,84.6746,2025,March,0.1195,0.0841,-0.2055,69,29.82
Najafgarh,Delhi,28.6125,76.9847,2025,March,0.0831,0.0673,-0.1551,220,31.3
Jabalpur,Madhya Pradesh,23.1667,79.9333,2025,March,0.1308,0.0979,-0.2365,399,33.94
Madanpur,Uttarākhand,29.326,79.1537,2025,March,0.5942,-0.1831,-0.6013,315,28.37
Kamalwaganja Gaur,Uttarākhand,29.2117,79.4654,2025,March,0.4297,0.0707,-0.4767,383,30.09
Kalyan,Mahārāshtra,19.25,73.15,2025,March,0.1859,0.1043,-0.2418,10,35.57
Asansol,West Bengal,23.6833,86.9667,2025,March,0.1637,0.1474,-0.2282,125,33.35
Vijayawada ,Andhra Pradesh,16.5167,80.6167,2025,March,0.327,-0.0049,-0.3146,27,31.46
Vasai-Virar,Mahārāshtra,19.47,72.8,2025,March,0.1491,0.2517,-0.2381,0,35.91
Varanasi,Uttar Pradesh,25.3189,83.0128,2025,March,0.1878,0.0121,-0.2733,78,32.24
Kalleli,Kerala,9.2,76.8833,2025,March,0.8474,-0.2867,-0.7501,133,29.93
Srinagar,Jammu and Kashmīr,34.0911,74.8061,2025,March,0.0959,0.1073,-0.1111,1595,21.12
Aurangabad,Mahārāshtra,19.88,75.32,2025,March,0.2452,0.0114,-0.2885,564,36.41
Dhanbad,Jhārkhand,23.7928,86.435,2025,March,0.3392,0.0285,-0.3893,245,33.89
Amritsar,Punjab,31.6269,74.877,2025,March,0.1107,0.01,-0.1739,234,29.02
Haora,West Bengal,22.58,88.3294,2025,March,0.1513,0.1157,-0.1791,12,32.44
Ranchi,Jhārkhand,23.3556,85.3347,2025,March,0.465,-0.0538,-0.4749,643,32.7
Gwalior,Madhya Pradesh,26.2125,78.1775,2025,March,0.0775,0.0936,-0.1876,215,32.66
Jodhpur,Rājasthān,26.2944,73.0278,2025,March,0.1321,0.0753,-0.2116,251,34.71
Chandigarh,Chandīgarh,30.7364,76.7883,2025,March,0.3902,-0.0513,-0.4158,349,28.35
Raipur,Chhattīsgarh,21.2379,81.6337,2025,March,0.0867,0.08,-0.1597,309,34.61
Warangal,Telangāna,17.9756,79.6011,2025,March,0.0947,0.1366,-0.1847,269,33.58
Kota,Rājasthān,25.18,75.83,2025,March,0.187,0.0089,-0.2277,230,33.17
Bareilly,Uttar Pradesh,28.364,79.415,2025,March,0.107,0.1364,-0.1886,180,30.59
Solapur,Mahārāshtra,17.6703,75.9011,2025,March,0.1581,0.0667,-0.2145,474,36.62
Hubli,Karnātaka,15.3108,75.0925,2025,March,0.1805,0.1001,-0.269,618,35.18
Mysore,Karnātaka,12.3086,76.6531,2025,March,0.0741,0.1821,-0.1342,747,33.57
Trichinopoly,Tamil Nādu,10.8269,78.6928,2025,March,0.2759,0.0297,-0.2985,74,33.92
Moradabad,Uttar Pradesh,28.8389,78.7769,2025,March,0.1925,0.0941,-0.2422,205,30.28
Tiruppur,Tamil Nādu,11.1075,77.3398,2025,March,0.1105,-0.0786,-0.0492,305,34.66
Jamnagar,Gujarāt,22.47,70.07,2025,March,0.2144,0.0527,-0.2613,21,35.7
Gurgaon,Haryāna,28.4667,77.0333,2025,March,0.1479,-0.0146,-0.2147,224,31.51
Aligarh,Uttar Pradesh,27.88,78.08,2025,March,0.2101,-0.0401,-0.2525,190,31.07
Jalandhar,Punjab,31.3256,75.5792,2025,March,0.119,0.0624,-0.1938,242,29.78
Bhubaneshwar,Odisha,20.295,85.825,2025,March,0.1605,-0.0032,-0.2247,47,33.1
Bhayandar,Mahārāshtra,19.3,72.85,2025,March,0.161,0.0966,-0.2507,9,35.19
Narela,Delhi,28.85,77.1,2025,March,0.4023,-0.0543,-0.447,212,29.39
Shishgarh,Uttar Pradesh,28.72,79.32,2025,March,0.7476,-0.377,-0.6836,181,26.47
Thiruvananthapuram,Kerala,8.4875,76.9525,2025,March,-0.0325,0.0787,0.0082,15,33.23
Dispur,Assam,26.15,91.77,2025,March,0.3372,0.0356,-0.3124,116,28.66
Durgapur,West Bengal,23.55,87.32,2025,March,0.2548,0.079,-0.303,90,33.16
Bhiwandi,Mahārāshtra,19.3,73.0667,2025,March,0.0809,-0.0196,-0.1719,25,38.71
Saharanpur,Uttar Pradesh,29.964,77.546,2025,March,0.0945,0.0642,-0.1927,280,29.73
Shiliguri,West Bengal,26.72,88.42,2025,March,0.2862,0.0009,-0.3069,119,30.61
Avadi,Tamil Nādu,13.1147,80.1098,2025,March,0.2836,0.0671,-0.3121,32,32.44
Salem,Tamil Nādu,11.65,78.1667,2025,March,0.0746,0.1056,-0.1962,285,35.6
Jui,Uttarākhand,29.67,78.9098,2025,March,0.7998,-0.1031,-0.7422,890,25.16
Amaldu,Uttarākhand,29.9333,78.5333,2025,March,0.3452,0.1534,-0.4111,1406,23.91
Kimsar,Jammu and Kashmīr,34.5,74.5333,2025,March,0.1602,-0.7983,-0.1923,3058,1.83
Sinduri,Himāchal Pradesh,30.7167,77.15,2025,March,0.2484,0.0496,-0.3301,943,25.92
Gorakhpur,Uttar Pradesh,26.7611,83.3667,2025,March,0.1115,0.1015,-0.1864,84,32.2
Guntur,Andhra Pradesh,16.3,80.45,2025,March,0.2001,0.0893,-0.2614,34,34.28
Karaikandi,Assam,24.8309,92.6143,2025,March,0.456,-0.0518,-0.3924,20,27.24
Mumbai,Mahārāshtra,19.0758,72.8775,2025,April,0.0736,0.0552,-0.13,5,37.33
Kolkata,West Bengal,22.5675,88.37,2025,April,0.0297,0.0437,-0.0617,6,33.92
Delhi,Delhi,28.66,77.23,2025,April,0.2152,0.0777,-0.2701,219,34.21
Chennai,Tamil Nādu,13.0825,80.275,2025,April,0.0587,0.2752,-0.0618,9,32.23
Bangalore,Karnātaka,12.9791,77.5913,2025,April,0.2909,-0.0547,-0.2909,924,31.69
Ahmedabad,Gujarāt,23.0219,72.5797,2025,April,0.3633,-0.0245,-0.3955,52,37.86
Pune,Mahārāshtra,18.5211,73.8553,2025,April,0.4704,-0.0901,-0.4959,554,37.18
Hyderabad,Telangāna,17.3617,78.4747,2025,April,0.1218,0.1376,-0.1925,508,35.54
Surat,Gujarāt,21.205,72.84,2025,April,0.138,0.0953,-0.243,14,38.59
Prayagraj,Uttar Pradesh,25.45,81.85,2025,April,0.3472,-0.0014,-0.4162,95,35.74
Kanpur,Gujarāt,24.285,72.6933,2025,April,0.3759,-0.0146,-0.4295,335,41.96
Kanpur,Uttar Pradesh,26.4725,80.3311,2025,April,0.1109,0.0692,-0.1738,132,35.92
Belahi,Bihār,25.7167,86.4,2025,April,0.6346,-0.2064,-0.5695,41,28.18
Vadodara,Gujarāt,22.3,73.2,2025,April,0.2913,0.0121,-0.3346,38,38.57
Nadampalaiyam,Tamil Nādu,11.1793,77.376,2025,April,0.1223,0.088,-0.1856,318,34.1
Lucknow,Uttar Pradesh,26.847,80.947,2025,April,0.0816,0.1692,-0.1447,115,33.91
Kannankulam,Kerala,10.4799,76.1131,2025,April,0.1414,-0.2548,-0.0775,13,30.47
Mahuakheraganj,Uttarākhand,29.13,78.95,2025,April,0.1278,0.1016,-0.1902,222,33.58
Nagla,Uttarākhand,29.01,79.51,2025,April,0.4462,0.0264,-0.4818,227,30.16
Jaipur,Rājasthān,26.915,75.82,2025,April,0.379,-0.04,-0.461,441,38.38
Kottarassheri,Kerala,10.6167,76.5333,2025,April,0.1415,-0.0992,-0.0959,147,27.7
Attadappa,Kerala,11.85,75.4167,2025,April,0.7169,-0.2698,-0.6353,37,30.48
Barmhan Kalan,Madhya Pradesh,23.0333,79.0167,2025,April,0.5164,-0.0649,-0.5388,337,36.82
Gorakhpur,Chhattīsgarh,22.1688,81.6042,2025,April,0.1446,0.0488,-0.2251,305,36.27
Nagpur,Mahārāshtra,21.1497,79.0806,2025,April,0.2662,-0.0356,-0.308,318,37.77
Guwahati,Assam,26.1806,91.7502,2025,April,0.0524,0.1394,-0.2263,57,30.34
Ghaziabad,Uttar Pradesh,28.6667,77.4167,2025,April,0.1677,0.0561,-0.2203,211,34.96
Coimbatore,Tamil Nādu,11.0008,76.9633,2025,April,0.1937,-0.0304,-0.1806,417,34.52
Patna,Bihār,25.61,85.1414,2025,April,0.1126,0.1135,-0.1887,63,33.26
Rajkot,Gujarāt,22.2969,70.7984,2025,April,0.0936,0.142,-0.1374,134,39.82
Vishakhapatnam,Andhra Pradesh,17.6939,83.2922,2025,April,0.2074,0.064,-0.2333,12,32.34
Indore,Madhya Pradesh,22.7186,75.855,2025,April,0.0776,0.1805,-0.1938,553,39.76
Abhepur,Punjab,30.6667,76.8333,2025,April,0.1664,0.0452,-0.2412,311,34.45
Gumanwala,Uttarākhand,29.9333,77.9,2025,April,0.4279,-0.0583,-0.4733,277,31.86
Thane,Mahārāshtra,19.18,72.9633,2025,April,0.1914,0.0332,-0.252,14,36.08
Bhopal,Madhya Pradesh,23.25,77.4167,2025,April,0.0855,0.101,-0.1557,512,36.71
Agra,Uttar Pradesh,27.18,78.02,2025,April,0.2742,0.0637,-0.4079,184,35.31
Peyanvilai,Tamil Nādu,8.5674,78.1046,2025,April,0.2718,0.0536,-0.3286,8,33.39
Pimpri-Chinchwad,Mahārāshtra,18.6278,73.8131,2025,April,0.7853,-0.2821,-0.7776,584,38.34
Harbatpur,Uttarākhand,30.45,77.73,2025,April,0.2056,0.0783,-0.3117,445,31.55
Saundhonwali,Uttarākhand,30.3331,77.9608,2025,April,0.0519,0.0679,-0.1391,612,31.59
Ludhiana,Punjab,30.9083,75.8486,2025,April,0.3525,-0.0585,-0.3832,243,35.56
Meerut,Uttar Pradesh,28.98,77.7064,2025,April,0.1064,0.1291,-0.1884,228,34.28
Madurai,Tamil Nādu,9.9197,78.1194,2025,April,0.0653,0.1991,-0.1553,141,35.6
Nasik,Mahārāshtra,20.0,73.7833,2025,April,0.1066,0.0963,-0.1669,588,38.58
Faridabad,Haryāna,28.4167,77.3,2025,April,0.2719,0.017,-0.3159,208,34.84
Madarpur,Bihār,26.227,84.6746,2025,April,0.1215,0.0492,-0.17,69,33.28
Najafgarh,Delhi,28.6125,76.9847,2025,April,0.0857,0.0955,-0.1534,220,35.3
Jabalpur,Madhya Pradesh,23.1667,79.9333,2025,April,0.1616,0.1006,-0.2401,399,38.6
Madanpur,Uttarākhand,29.326,79.1537,2025,April,0.335,0.0896,-0.4449,315,32.42
Kamalwaganja Gaur,Uttarākhand,29.2117,79.4654,2025,April,0.4306,0.0601,-0.4654,383,33.24
Kalyan,Mahārāshtra,19.25,73.15,2025,April,0.1976,0.1214,-0.2598,10,37.38
Asansol,West Bengal,23.6833,86.9667,2025,April,0.17,0.1544,-0.2277,125,33.59
Vijayawada ,Andhra Pradesh,16.5167,80.6167,2025,April,0.4279,-0.0626,-0.3934,27,29.23
Vasai-Virar,Mahārāshtra,19.47,72.8,2025,April,0.2035,0.1959,-0.2818,0,37.42
Varanasi,Uttar Pradesh,25.3189,83.0128,2025,April,0.1888,0.0493,-0.2683,78,34.3
Kalleli,Kerala,9.2,76.8833,2025,April,0.6556,-0.2183,-0.6025,133,28.39
Srinagar,Jammu and Kashmīr,34.0911,74.8061,2025,April,0.1509,0.0804,-0.1863,1595,28.42
Aurangabad,Mahārāshtra,19.88,75.32,2025,April,0.2388,0.0068,-0.2846,564,40.1
Dhanbad,Jhārkhand,23.7928,86.435,2025,April,0.4331,-0.0108,-0.4374,245,33.43
Amritsar,Punjab,31.6269,74.877,2025,April,0.1117,0.0056,-0.1877,234,35.75
Haora,West Bengal,22.58,88.3294,2025,April,0.0111,0.1415,-0.0049,12,32.24
Ranchi,Jhārkhand,23.3556,85.3347,2025,April,0.4898,-0.0599,-0.4772,643,33.01
Gwalior,Madhya Pradesh,26.2125,78.1775,2025,April,0.0782,0.111,-0.186,215,37.49
Jodhpur,Rājasthān,26.2944,73.0278,2025,April,0.118,0.068,-0.182,251,38.56
Chandigarh,Chandīgarh,30.7364,76.7883,2025,April,0.4094,-0.047,-0.4384,349,33.24
Raipur,Chhattīsgarh,21.2379,81.6337,2025,April,0.0818,0.0982,-0.1488,309,36.06
Warangal,Telangāna,17.9756,79.6011,2025,April,0.1089,0.0563,-0.1372,269,34.46
Kota,Rājasthān,25.18,75.83,2025,April,0.1257,0.0635,-0.1613,230,38.81
Bareilly,Uttar Pradesh,28.364,79.415,2025,April,0.1129,0.1215,-0.1826,180,34.26
Solapur,Mahārāshtra,17.6703,75.9011,2025,April,0.177,0.0612,-0.2375,474,38.54
Hubli,Karnātaka,15.3108,75.0925,2025,April,0.1734,0.1016,-0.1654,618,33.02
Mysore,Karnātaka,12.3086,76.6531,2025,April,0.0528,0.1828,-0.113,747,32.81
Trichinopoly,Tamil Nādu,10.8269,78.6928,2025,April,0.2819,0.0358,-0.2786,74,35.07
Moradabad,Uttar Pradesh,28.8389,78.7769,2025,April,0.2096,0.0694,-0.2663,205,34.02
Tiruppur,Tamil Nādu,11.1075,77.3398,2025,April,0.2421,-0.0534,-0.1998,305,35.1
Jamnagar,Gujarāt,22.47,70.07,2025,April,0.2094,0.0247,-0.2588,21,38.58
Gurgaon,Haryāna,28.4667,77.0333,2025,April,0.1748,-0.0156,-0.2645,224,35.01
Aligarh,Uttar Pradesh,27.88,78.08,2025,April,0.2299,-0.0233,-0.2811,190,35.43
Jalandhar,Punjab,31.3256,75.5792,2025,April,0.1053,0.0228,-0.1756,242,35.13
Bhubaneshwar,Odisha,20.295,85.825,2025,April,0.1361,0.0082,-0.208,47,32.84
Bhayandar,Mahārāshtra,19.3,72.85,2025,April,0.1582,0.1188,-0.2417,9,37.04
Narela,Delhi,28.85,77.1,2025,April,0.3921,-0.0706,-0.4319,212,33.58
Shishgarh,Uttar Pradesh,28.72,79.32,2025,April,0.5022,-0.0642,-0.5521,181,30.56
Thiruvananthapuram,Kerala,8.4875,76.9525,2025,April,0.0544,0.0796,-0.0967,15,32.69
Dispur,Assam,26.15,91.77,2025,April,0.5153,-0.0674,-0.5022,116,30.75
Durgapur,West Bengal,23.55,87.32,2025,April,0.2621,0.0948,-0.3178,90,32.57
Bhiwandi,Mahārāshtra,19.3,73.0667,2025,April,0.0688,-0.0091,-0.1618,25,39.85
Saharanpur,Uttar Pradesh,29.964,77.546,2025,April,0.0992,0.0782,-0.2058,280,34.36
Shiliguri,West Bengal,26.72,88.42,2025,April,0.1378,0.0557,-0.1618,119,31.1
Avadi,Tamil Nādu,13.1147,80.1098,2025,April,0.3015,0.0128,-0.3294,32,33.7
Salem,Tamil Nādu,11.65,78.1667,2025,April,0.1123,0.0708,-0.1574,285,34.76
Jui,Uttarākhand,29.67,78.9098,2025,April,0.6764,-0.161,-0.6091,890,28.3
Amaldu,Uttarākhand,29.9333,78.5333,2025,April,0.2879,0.1646,-0.3766,1406,27.95
Kimsar,Jammu and Kashmīr,34.5,74.5333,2025,April,0.3693,-0.356,-0.3859,3058,12.43
Sinduri,Himāchal Pradesh,30.7167,77.15,2025,April,0.2637,0.0479,-0.3437,943,30.0
Gorakhpur,Uttar Pradesh,26.7611,83.3667,2025,April,0.1334,0.0852,-0.1853,84,34.82
Guntur,Andhra Pradesh,16.3,80.45,2025,April,0.1741,0.0873,-0.2129,34,33.8
Karaikandi,Assam,24.8309,92.6143,2025,April,0.5923,-0.272,-0.4855,20,29.58
Mumbai,Mahārāshtra,19.0758,72.8775,2025,May,0.0558,0.0296,-0.0983,5,37.59
Kolkata,West Bengal,22.5675,88.37,2025,May,-0.0414,0.0939,-0.0064,6,36.25
Delhi,Delhi,28.66,77.23,2025,May,0.2201,0.0212,-0.3021,219,33.92
Chennai,Tamil Nādu,13.0825,80.275,2025,May,0.0702,0.2281,-0.0731,9,35.2
Bangalore,Karnātaka,12.9791,77.5913,2025,May,0.2803,-0.0424,-0.2787,924,29.78
Ahmedabad,Gujarāt,23.0219,72.5797,2025,May,0.2532,-0.0515,-0.2579,52,34.85
Pune,Mahārāshtra,18.5211,73.8553,2025,May,0.4255,-0.0706,-0.4333,554,33.14
Hyderabad,Telangāna,17.3617,78.4747,2025,May,0.1036,0.1147,-0.1883,508,35.07
Surat,Gujarāt,21.205,72.84,2025,May,0.1675,0.078,-0.231,14,35.81
Prayagraj,Uttar Pradesh,25.45,81.85,2025,May,0.3744,0.0218,-0.4215,95,36.02
Kanpur,Gujarāt,24.285,72.6933,2025,May,0.3519,-0.0288,-0.4113,335,36.76
Kanpur,Uttar Pradesh,26.4725,80.3311,2025,May,0.0849,0.0937,-0.1328,132,35.3
Belahi,Bihār,25.7167,86.4,2025,May,0.7449,-0.1981,-0.6778,41,31.56
Vadodara,Gujarāt,22.3,73.2,2025,May,0.3247,-0.0245,-0.3536,38,36.14
Nadampalaiyam,Tamil Nādu,11.1793,77.376,2025,May,0.1118,0.1187,-0.1645,318,34.61
Lucknow,Uttar Pradesh,26.847,80.947,2025,May,0.0501,0.2208,-0.1146,115,35.5
Kannankulam,Kerala,10.4799,76.1131,2025,May,0.5064,-0.1811,-0.4675,13,30.41
Mahuakheraganj,Uttarākhand,29.13,78.95,2025,May,0.1073,0.1262,-0.1913,222,35.83
Nagla,Uttarākhand,29.01,79.51,2025,May,0.4036,0.0559,-0.4393,227,31.74
Jaipur,Rājasthān,26.915,75.82,2025,May,0.2956,-0.0264,-0.3961,441,36.58
Kottarassheri,Kerala,10.6167,76.5333,2025,May,0.5218,-0.0271,-0.4829,147,29.77
Attadappa,Kerala,11.85,75.4167,2025,May,0.6187,-0.267,-0.5567,37,29.89
Barmhan Kalan,Madhya Pradesh,23.0333,79.0167,2025,May,0.5756,-0.0916,-0.6184,337,36.35
Gorakhpur,Chhattīsgarh,22.1688,81.6042,2025,May,0.1257,0.0583,-0.1552,305,37.44
Nagpur,Mahārāshtra,21.1497,79.0806,2025,May,0.2689,-0.0459,-0.328,318,36.34
Guwahati,Assam,26.1806,91.7502,2025,May,0.0434,0.2267,-0.1987,57,31.32
Ghaziabad,Uttar Pradesh,28.6667,77.4167,2025,May,0.1589,0.0411,-0.1919,211,34.32
Coimbatore,Tamil Nādu,11.0008,76.9633,2025,May,0.363,0.0246,-0.3786,417,35.51
Patna,Bihār,25.61,85.1414,2025,May,0.1144,0.1247,-0.1511,63,33.73
Rajkot,Gujarāt,22.2969,70.7984,2025,May,-0.0038,0.1142,-0.0578,134,35.11
Vishakhapatnam,Andhra Pradesh,17.6939,83.2922,2025,May,0.2053,0.0819,-0.2458,12,30.76
Indore,Madhya Pradesh,22.7186,75.855,2025,May,0.0299,0.0543,-0.1101,553,35.64
Abhepur,Punjab,30.6667,76.8333,2025,May,0.176,0.0322,-0.2229,311,34.14
Gumanwala,Uttarākhand,29.9333,77.9,2025,May,0.2598,0.0763,-0.3175,277,30.86
Thane,Mahārāshtra,19.18,72.9633,2025,May,0.1609,-0.0671,-0.194,14,34.75
Bhopal,Madhya Pradesh,23.25,77.4167,2025,May,-0.0106,0.0359,0.0163,512,34.38
Agra,Uttar Pradesh,27.18,78.02,2025,May,0.2425,0.0664,-0.3198,184,34.83
Peyanvilai,Tamil Nādu,8.5674,78.1046,2025,May,0.1247,0.0728,-0.1548,8,34.45
Pimpri-Chinchwad,Mahārāshtra,18.6278,73.8131,2025,May,0.6856,-0.2696,-0.6011,584,33.97
Harbatpur,Uttarākhand,30.45,77.73,2025,May,0.2241,0.0753,-0.3261,445,32.12
Saundhonwali,Uttarākhand,30.3331,77.9608,2025,May,0.0134,0.0814,-0.0778,612,30.7
Ludhiana,Punjab,30.9083,75.8486,2025,May,0.3315,-0.0296,-0.3514,243,35.09
Meerut,Uttar Pradesh,28.98,77.7064,2025,May,0.1092,0.1185,-0.1835,228,33.8
Madurai,Tamil Nādu,9.9197,78.1194,2025,May,0.1312,0.2454,-0.3271,141,37.0
Nasik,Mahārāshtra,20.0,73.7833,2025,May,0.0541,0.0893,-0.0761,588,35.26
Faridabad,Haryāna,28.4167,77.3,2025,May,0.2308,0.0076,-0.254,208,33.2
Madarpur,Bihār,26.227,84.6746,2025,May,0.1454,0.1082,-0.1714,69,33.96
Najafgarh,Delhi,28.6125,76.9847,2025,May,0.0633,0.0446,-0.085,220,34.84
Jabalpur,Madhya Pradesh,23.1667,79.9333,2025,May,0.1284,0.0986,-0.2118,399,35.08
Madanpur,Uttarākhand,29.326,79.1537,2025,May,0.3318,0.0753,-0.3357,315,33.72
Kamalwaganja Gaur,Uttarākhand,29.2117,79.4654,2025,May,0.4405,0.0851,-0.4459,383,35.48
Kalyan,Mahārāshtra,19.25,73.15,2025,May,0.1908,0.1005,-0.2518,10,37.25
Asansol,West Bengal,23.6833,86.9667,2025,May,0.1336,0.1544,-0.19,125,32.48
Vijayawada ,Andhra Pradesh,16.5167,80.6167,2025,May,0.3734,-0.1021,-0.3231,27,33.54
Vasai-Virar,Mahārāshtra,19.47,72.8,2025,May,0.2567,0.115,-0.3124,0,35.87
Varanasi,Uttar Pradesh,25.3189,83.0128,2025,May,0.1655,0.0879,-0.2248,78,35.86
Kalleli,Kerala,9.2,76.8833,2025,May,0.395,-0.3682,-0.3593,133,27.86
Srinagar,Jammu and Kashmīr,34.0911,74.8061,2025,May,0.1542,0.0923,-0.2034,1595,32.35
Aurangabad,Mahārāshtra,19.88,75.32,2025,May,0.2142,-0.0139,-0.2497,564,36.17
Dhanbad,Jhārkhand,23.7928,86.435,2025,May,0.3836,-0.0384,-0.3394,245,32.85
Amritsar,Punjab,31.6269,74.877,2025,May,0.0877,0.0939,-0.1542,234,34.42
Haora,West Bengal,22.58,88.3294,2025,May,0.045,0.1402,-0.0792,12,34.41
Ranchi,Jhārkhand,23.3556,85.3347,2025,May,0.4625,-0.0641,-0.4607,643,31.5
Gwalior,Madhya Pradesh,26.2125,78.1775,2025,May,0.0573,0.1388,-0.1289,215,36.78
Jodhpur,Rājasthān,26.2944,73.0278,2025,May,0.1414,0.0783,-0.2058,251,37.28
Chandigarh,Chandīgarh,30.7364,76.7883,2025,May,0.331,-0.0284,-0.3658,349,32.49
Raipur,Chhattīsgarh,21.2379,81.6337,2025,May,0.0693,0.1281,-0.125,309,36.46
Warangal,Telangāna,17.9756,79.6011,2025,May,-0.0133,0.0908,0.0058,269,36.08
Kota,Rājasthān,25.18,75.83,2025,May,0.1159,0.1096,-0.2009,230,36.28
Bareilly,Uttar Pradesh,28.364,79.415,2025,May,0.1035,0.1061,-0.1596,180,34.95
Solapur,Mahārāshtra,17.6703,75.9011,2025,May,0.1712,0.0993,-0.224,474,38.98
Hubli,Karnātaka,15.3108,75.0925,2025,May,0.199,0.133,-0.2599,618,34.49
Mysore,Karnātaka,12.3086,76.6531,2025,May,0.0882,0.094,-0.1375,747,31.68
Trichinopoly,Tamil Nādu,10.8269,78.6928,2025,May,0.2793,0.0098,-0.3056,74,33.58
Moradabad,Uttar Pradesh,28.8389,78.7769,2025,May,0.1859,0.1227,-0.2568,205,34.98
Tiruppur,Tamil Nādu,11.1075,77.3398,2025,May,0.39,-0.0284,-0.3973,305,35.54
Jamnagar,Gujarāt,22.47,70.07,2025,May,0.1682,0.0038,-0.1794,21,34.82
Gurgaon,Haryāna,28.4667,77.0333,2025,May,0.2137,-0.0684,-0.2509,224,34.12
Aligarh,Uttar Pradesh,27.88,78.08,2025,May,0.1576,0.0196,-0.1976,190,35.38
Jalandhar,Punjab,31.3256,75.5792,2025,May,0.0861,0.1247,-0.16,242,35.52
Bhubaneshwar,Odisha,20.295,85.825,2025,May,0.1376,0.0435,-0.2293,47,34.19
Bhayandar,Mahārāshtra,19.3,72.85,2025,May,0.1149,0.0836,-0.1878,9,35.21
Narela,Delhi,28.85,77.1,2025,May,0.5096,-0.1807,-0.4913,212,32.87
Shishgarh,Uttar Pradesh,28.72,79.32,2025,May,0.3226,0.0517,-0.3847,181,31.69
Thiruvananthapuram,Kerala,8.4875,76.9525,2025,May,0.1028,0.0056,-0.1402,15,31.63
Dispur,Assam,26.15,91.77,2025,May,0.6008,-0.122,-0.5048,116,32.23
Durgapur,West Bengal,23.55,87.32,2025,May,0.3526,0.0231,-0.3789,90,32.46
Bhiwandi,Mahārāshtra,19.3,73.0667,2025,May,0.0377,-0.0094,-0.0353,25,39.0
Saharanpur,Uttar Pradesh,29.964,77.546,2025,May,0.0893,0.0839,-0.1722,280,34.77
Shiliguri,West Bengal,26.72,88.42,2025,May,0.0603,0.0522,-0.0644,119,34.53
Avadi,Tamil Nādu,13.1147,80.1098,2025,May,0.3117,0.0219,-0.3303,32,35.86
Salem,Tamil Nādu,11.65,78.1667,2025,May,0.0772,0.1109,-0.1991,285,34.8
Jui,Uttarākhand,29.67,78.9098,2025,May,0.5541,-0.1803,-0.4544,890,28.03
Amaldu,Uttarākhand,29.9333,78.5333,2025,May,0.2758,0.1387,-0.3211,1406,26.91
Kimsar,Jammu and Kashmīr,34.5,74.5333,2025,May,0.2132,-0.1833,-0.2096,3058,20.61
Sinduri,Himāchal Pradesh,30.7167,77.15,2025,May,0.0717,-0.0824,0.0012,943,27.62
Gorakhpur,Uttar Pradesh,26.7611,83.3667,2025,May,0.1145,0.1077,-0.1873,84,34.56
Guntur,Andhra Pradesh,16.3,80.45,2025,May,0.2062,0.1068,-0.2535,34,36.89
Karaikandi,Assam,24.8309,92.6143,2025,May,0.3908,-0.155,-0.4033,20,28.56
Mumbai,Mahārāshtra,19.0758,72.8775,2025,June,-0.0093,-0.159,0.0678,5,29.54
Kolkata,West Bengal,22.5675,88.37,2025,June,0.0045,0.0425,-0.0791,6,31.35
Delhi,Delhi,28.66,77.23,2025,June,0.1874,0.0205,-0.2371,219,34.77
Chennai,Tamil Nādu,13.0825,80.275,2025,June,0.0483,0.2257,-0.074,9,33.48
Bangalore,Karnātaka,12.9791,77.5913,2025,June,0.3359,-0.1219,-0.3152,924,28.55
Ahmedabad,Gujarāt,23.0219,72.5797,2025,June,0.2118,-0.0474,-0.2376,52,33.12
Pune,Mahārāshtra,18.5211,73.8553,2025,June,0.1811,-0.0497,-0.1612,554,27.84
Hyderabad,Telangāna,17.3617,78.4747,2025,June,-0.0052,-0.0284,0.025,508,35.15
Surat,Gujarāt,21.205,72.84,2025,June,0.1298,0.0436,-0.2017,14,32.74
Prayagraj,Uttar Pradesh,25.45,81.85,2025,June,0.3293,0.0174,-0.3837,95,37.58
Kanpur,Gujarāt,24.285,72.6933,2025,June,0.4208,-0.0812,-0.405,335,35.47
Kanpur,Uttar Pradesh,26.4725,80.3311,2025,June,0.0458,0.0538,-0.1304,132,35.74
Belahi,Bihār,25.7167,86.4,2025,June,0.3669,-0.0163,-0.3692,41,35.42
Vadodara,Gujarāt,22.3,73.2,2025,June,0.216,-0.066,-0.2223,38,33.66
Nadampalaiyam,Tamil Nādu,11.1793,77.376,2025,June,0.0837,0.0951,-0.1179,318,33.77
Lucknow,Uttar Pradesh,26.847,80.947,2025,June,-0.0392,-0.0375,0.0642,115,35.6
Kannankulam,Kerala,10.4799,76.1131,2025,June,-0.0106,-0.1781,0.0638,13,24.17
Mahuakheraganj,Uttarākhand,29.13,78.95,2025,June,0.0765,0.0289,-0.1495,222,32.35
Nagla,Uttarākhand,29.01,79.51,2025,June,0.3293,0.0405,-0.3358,227,32.42
Jaipur,Rājasthān,26.915,75.82,2025,June,0.3908,-0.0257,-0.4172,441,37.18
Kottarassheri,Kerala,10.6167,76.5333,2025,June,0.4982,-0.3409,-0.4469,147,26.88
Attadappa,Kerala,11.85,75.4167,2025,June,0.5228,-0.3184,-0.4752,37,25.55
Barmhan Kalan,Madhya Pradesh,23.0333,79.0167,2025,June,0.5582,-0.1016,-0.559,337,35.73
Gorakhpur,Chhattīsgarh,22.1688,81.6042,2025,June,0.1079,0.0584,-0.157,305,40.14
Nagpur,Mahārāshtra,21.1497,79.0806,2025,June,0.1796,-0.0374,-0.1419,318,35.38
Guwahati,Assam,26.1806,91.7502,2025,June,0.0054,0.2148,-0.2356,57,34.47
Ghaziabad,Uttar Pradesh,28.6667,77.4167,2025,June,0.1135,0.0134,-0.1097,211,37.34
Coimbatore,Tamil Nādu,11.0008,76.9633,2025,June,0.1573,-0.0372,-0.1333,417,32.19
Patna,Bihār,25.61,85.1414,2025,June,0.0866,0.1103,-0.103,63,34.92
Rajkot,Gujarāt,22.2969,70.7984,2025,June,-0.0051,0.0663,-0.0197,134,34.54
Vishakhapatnam,Andhra Pradesh,17.6939,83.2922,2025,June,0.2302,0.0431,-0.2517,12,31.83
Indore,Madhya Pradesh,22.7186,75.855,2025,June,0.029,0.1433,-0.1309,553,35.05
Abhepur,Punjab,30.6667,76.8333,2025,June,0.1476,0.0372,-0.1808,311,34.92
Gumanwala,Uttarākhand,29.9333,77.9,2025,June,0.4946,-0.1769,-0.4146,277,30.98
Thane,Mahārāshtra,19.18,72.9633,2025,June,0.015,-0.2561,-0.0179,14,29.58
Bhopal,Madhya Pradesh,23.25,77.4167,2025,June,0.07,0.1222,-0.1091,512,32.77
Agra,Uttar Pradesh,27.18,78.02,2025,June,0.2196,0.0541,-0.319,184,35.62
Peyanvilai,Tamil Nādu,8.5674,78.1046,2025,June,0.1898,0.0088,-0.2199,8,34.67
Pimpri-Chinchwad,Mahārāshtra,18.6278,73.8131,2025,June,0.6358,-0.2887,-0.5854,584,28.01
Harbatpur,Uttarākhand,30.45,77.73,2025,June,0.2202,-0.0263,-0.2142,445,32.18
Saundhonwali,Uttarākhand,30.3331,77.9608,2025,June,0.0178,-0.0679,-0.0285,612,32.38
Ludhiana,Punjab,30.9083,75.8486,2025,June,0.3701,-0.0422,-0.3898,243,34.93
Meerut,Uttar Pradesh,28.98,77.7064,2025,June,0.0225,0.1249,-0.0976,228,37.04
Madurai,Tamil Nādu,9.9197,78.1194,2025,June,0.1088,0.1271,-0.2043,141,36.48
Nasik,Mahārāshtra,20.0,73.7833,2025,June,0.0418,0.0424,-0.0727,588,29.97
Faridabad,Haryāna,28.4167,77.3,2025,June,0.2056,0.0103,-0.2279,208,35.58
Madarpur,Bihār,26.227,84.6746,2025,June,0.2096,0.1253,-0.2581,69,37.36
Najafgarh,Delhi,28.6125,76.9847,2025,June,0.0261,0.0493,-0.0894,220,35.2
Jabalpur,Madhya Pradesh,23.1667,79.9333,2025,June,0.1508,0.0445,-0.1824,399,37.28
Madanpur,Uttarākhand,29.326,79.1537,2025,June,0.4664,-0.0961,-0.4273,315,32.27
Kamalwaganja Gaur,Uttarākhand,29.2117,79.4654,2025,June,0.3146,0.0367,-0.2935,383,34.02
Kalyan,Mahārāshtra,19.25,73.15,2025,June,0.1862,-0.1037,-0.1479,10,27.52
Asansol,West Bengal,23.6833,86.9667,2025,June,0.1153,0.1967,-0.1593,125,33.1
Vijayawada ,Andhra Pradesh,16.5167,80.6167,2025,June,0.4929,-0.1324,-0.4372,27,33.73
Vasai-Virar,Mahārāshtra,19.47,72.8,2025,June,0.2298,-0.047,-0.29,0,30.46
Varanasi,Uttar Pradesh,25.3189,83.0128,2025,June,0.1899,0.0497,-0.2628,78,34.98
Kalleli,Kerala,9.2,76.8833,2025,June,0.3115,-0.1904,-0.2798,133,25.16
Srinagar,Jammu and Kashmīr,34.0911,74.8061,2025,June,0.1234,0.1106,-0.1405,1595,34.05
Aurangabad,Mahārāshtra,19.88,75.32,2025,June,0.0041,-0.1335,0.0414,564,31.27
Dhanbad,Jhārkhand,23.7928,86.435,2025,June,0.1987,-0.0434,-0.1624,245,33.9
Amritsar,Punjab,31.6269,74.877,2025,June,0.0937,0.0382,-0.1525,234,35.72
Haora,West Bengal,22.58,88.3294,2025,June,0.0569,0.1688,-0.1616,12,29.62
Ranchi,Jhārkhand,23.3556,85.3347,2025,June,0.5352,-0.0994,-0.4982,643,32.61
Gwalior,Madhya Pradesh,26.2125,78.1775,2025,June,0.0212,0.0011,0.0021,215,36.74
Jodhpur,Rājasthān,26.2944,73.0278,2025,June,0.0726,0.058,-0.07,251,38.09
Chandigarh,Chandīgarh,30.7364,76.7883,2025,June,0.1893,-0.0317,-0.1662,349,34.04
Raipur,Chhattīsgarh,21.2379,81.6337,2025,June,0.0553,0.0956,-0.1065,309,34.8
Warangal,Telangāna,17.9756,79.6011,2025,June,0.0944,0.1082,-0.1597,269,35.0
Kota,Rājasthān,25.18,75.83,2025,June,0.1197,0.0679,-0.1353,230,38.03
Bareilly,Uttar Pradesh,28.364,79.415,2025,June,0.056,0.0919,-0.0744,180,34.0
Solapur,Mahārāshtra,17.6703,75.9011,2025,June,0.0423,-0.0911,0.0278,474,29.95
Hubli,Karnātaka,15.3108,75.0925,2025,June,0.2372,0.0443,-0.2427,618,26.59
Mysore,Karnātaka,12.3086,76.6531,2025,June,0.027,-0.1612,-0.0404,747,27.11
Trichinopoly,Tamil Nādu,10.8269,78.6928,2025,June,0.3146,-0.011,-0.3401,74,33.75
Moradabad,Uttar Pradesh,28.8389,78.7769,2025,June,0.0708,-0.0532,-0.0475,205,36.19
Tiruppur,Tamil Nādu,11.1075,77.3398,2025,June,0.4574,-0.0864,-0.4477,305,34.21
Jamnagar,Gujarāt,22.47,70.07,2025,June,0.1659,-0.0222,-0.158,21,34.09
Gurgaon,Haryāna,28.4667,77.0333,2025,June,0.217,-0.0713,-0.2433,224,36.38
Aligarh,Uttar Pradesh,27.88,78.08,2025,June,0.2122,0.0018,-0.2528,190,36.42
Jalandhar,Punjab,31.3256,75.5792,2025,June,0.0771,0.1365,-0.147,242,35.98
Bhubaneshwar,Odisha,20.295,85.825,2025,June,0.1321,0.0138,-0.184,47,35.39
Bhayandar,Mahārāshtra,19.3,72.85,2025,June,0.1256,0.0293,-0.1315,9,29.37
Narela,Delhi,28.85,77.1,2025,June,0.5542,-0.2148,-0.5349,212,36.27
Shishgarh,Uttar Pradesh,28.72,79.32,2025,June,0.439,-0.1686,-0.4,181,31.34
Thiruvananthapuram,Kerala,8.4875,76.9525,2025,June,0.0306,0.0221,-0.0282,15,29.93
Dispur,Assam,26.15,91.77,2025,June,0.7307,-0.2651,-0.5925,116,35.24
Durgapur,West Bengal,23.55,87.32,2025,June,0.3267,0.0039,-0.3288,90,31.66
Bhiwandi,Mahārāshtra,19.3,73.0667,2025,June,0.0544,-0.1721,-0.0635,25,28.81
Saharanpur,Uttar Pradesh,29.964,77.546,2025,June,0.0342,0.0845,-0.054,280,34.27
Shiliguri,West Bengal,26.72,88.42,2025,June,0.0007,-0.1769,0.0734,119,34.13
Avadi,Tamil Nādu,13.1147,80.1098,2025,June,0.3111,0.002,-0.3403,32,32.33
Salem,Tamil Nādu,11.65,78.1667,2025,June,0.1009,0.0195,-0.0939,285,30.84
Jui,Uttarākhand,29.67,78.9098,2025,June,-0.0349,-0.1587,0.1135,890,28.2
Amaldu,Uttarākhand,29.9333,78.5333,2025,June,0.0038,-0.1924,0.0392,1406,29.36
Kimsar,Jammu and Kashmīr,34.5,74.5333,2025,June,0.4814,-0.0296,-0.5378,3058,20.65
Sinduri,Himāchal Pradesh,30.7167,77.15,2025,June,0.3017,-0.054,-0.3315,943,28.35
Gorakhpur,Uttar Pradesh,26.7611,83.3667,2025,June,-0.0335,-0.1029,0.0689,84,35.71
Guntur,Andhra Pradesh,16.3,80.45,2025,June,0.1387,0.0699,-0.195,34,34.51
Delhi,Delhi,28.66,77.23,2025,July,0.0105,0.0365,0.047,219,7.73
Chennai,Tamil Nādu,13.0825,80.275,2025,July,0.0843,0.2058,-0.0864,9,33.93
Hyderabad,Telangāna,17.3617,78.4747,2025,July,-0.0251,-0.0362,0.0695,508,31.43
Kanpur,Uttar Pradesh,26.4725,80.3311,2025,July,0.0078,-0.3082,0.062,132,32.74
Nadampalaiyam,Tamil Nādu,11.1793,77.376,2025,July,0.0467,0.0753,-0.0649,318,36.12
Lucknow,Uttar Pradesh,26.847,80.947,2025,July,0.0002,-0.0916,0.0489,115,34.43
Kannankulam,Kerala,10.4799,76.1131,2025,July,0.6597,-0.228,-0.5815,13,27.09
Mahuakheraganj,Uttarākhand,29.13,78.95,2025,July,0.1631,-0.0333,-0.1993,222,31.11
Nagla,Uttarākhand,29.01,79.51,2025,July,0.5494,-0.0703,-0.4891,227,30.97
Jaipur,Rājasthān,26.915,75.82,2025,July,-0.0608,-0.1932,0.1014,441,27.69
Barmhan Kalan,Madhya Pradesh,23.0333,79.0167,2025,July,-0.0067,-0.0462,0.0294,337,26.87
Gorakhpur,Chhattīsgarh,22.1688,81.6042,2025,July,0.148,0.0385,-0.1025,305,32.35
Ghaziabad,Uttar Pradesh,28.6667,77.4167,2025,July,0.1337,-0.0622,-0.0943,211,30.15
Coimbatore,Tamil Nādu,11.0008,76.9633,2025,July,0.1247,-0.2615,-0.094,417,33.65
Patna,Bihār,25.61,85.1414,2025,July,-0.014,-0.1051,0.037,63,31.83
Vishakhapatnam,Andhra Pradesh,17.6939,83.2922,2025,July,0.3163,0.0529,-0.3343,12,33.58
Abhepur,Punjab,30.6667,76.8333,2025,July,-0.1229,0.1738,0.0951,311,32.75
Gumanwala,Uttarākhand,29.9333,77.9,2025,July,0.5973,-0.2081,-0.5348,277,31.45
Agra,Uttar Pradesh,27.18,78.02,2025,July,0.1894,-0.1044,-0.1787,184,28.72
Peyanvilai,Tamil Nādu,8.5674,78.1046,2025,July,0.1552,0.0003,-0.1848,8,35.77
Harbatpur,Uttarākhand,30.45,77.73,2025,July,0.3412,-0.0075,-0.3725,445,21.23
Ludhiana,Punjab,30.9083,75.8486,2025,July,0.2078,-0.0804,-0.1556,243,32.69
Madurai,Tamil Nādu,9.9197,78.1194,2025,July,0.0991,0.1553,-0.3155,141,35.29
Faridabad,Haryāna,28.4167,77.3,2025,July,0.0316,0.0044,0.0181,208,26.87
Madarpur,Bihār,26.227,84.6746,2025,July,0.0789,0.0292,-0.1189,69,32.31
Jabalpur,Madhya Pradesh,23.1667,79.9333,2025,July,-0.0599,-0.0623,0.0975,399,32.39
Madanpur,Uttarākhand,29.326,79.1537,2025,July,0.3617,-0.1539,-0.3255,315,28.97
Kamalwaganja Gaur,Uttarākhand,29.2117,79.4654,2025,July,0.1585,-0.1776,-0.1148,383,30.2
Vasai-Virar,Mahārāshtra,19.47,72.8,2025,July,0.1668,-0.1969,-0.113,0,25.91
Varanasi,Uttar Pradesh,25.3189,83.0128,2025,July,-0.0478,-0.037,0.0798,78,30.69
Kalleli,Kerala,9.2,76.8833,2025,July,0.249,-0.1962,-0.184,133,24.37
Srinagar,Jammu and Kashmīr,34.0911,74.8061,2025,July,0.1701,0.1019,-0.1962,1595,34.03
Aurangabad,Mahārāshtra,19.88,75.32,2025,July,-0.0844,-0.2393,0.1342,564,27.47
Amritsar,Punjab,31.6269,74.877,2025,July,-0.0127,0.0854,0.0275,234,31.79
Gwalior,Madhya Pradesh,26.2125,78.1775,2025,July,0.0057,-0.0263,0.0343,215,30.25
Chandigarh,Chandīgarh,30.7364,76.7883,2025,July,0.2269,-0.0402,-0.2006,349,32.97
Warangal,Telangāna,17.9756,79.6011,2025,July,0.0157,-0.1325,0.0406,269,31.99
Kota,Rājasthān,25.18,75.83,2025,July,-0.0353,-0.0321,0.0283,230,28.29
Solapur,Mahārāshtra,17.6703,75.9011,2025,July,0.0402,-0.0807,-0.0164,474,24.33
Mysore,Karnātaka,12.3086,76.6531,2025,July,-0.0861,-0.1754,0.1088,747,26.01
Trichinopoly,Tamil Nādu,10.8269,78.6928,2025,July,0.2565,-0.0134,-0.3105,74,34.79
Moradabad,Uttar Pradesh,28.8389,78.7769,2025,July,-0.0371,0.0421,0.0635,205,29.51
Tiruppur,Tamil Nādu,11.1075,77.3398,2025,July,0.1759,-0.0199,-0.1658,305,35.24
Jamnagar,Gujarāt,22.47,70.07,2025,July,-0.1044,-0.2517,0.1748,21,29.49
Aligarh,Uttar Pradesh,27.88,78.08,2025,July,0.2597,-0.0006,-0.2606,190,34.29
Jalandhar,Punjab,31.3256,75.5792,2025,July,-0.032,-0.077,0.066,242,32.89
Shishgarh,Uttar Pradesh,28.72,79.32,2025,July,0.0466,-0.0981,0.0115,181,29.37
Thiruvananthapuram,Kerala,8.4875,76.9525,2025,July,-0.0233,-0.1322,0.0458,15,29.14
Saharanpur,Uttar Pradesh,29.964,77.546,2025,July,0.0458,0.1122,-0.1233,280,22.99
Avadi,Tamil Nādu,13.1147,80.1098,2025,July,0.3132,0.0011,-0.3693,32,33.08
Salem,Tamil Nādu,11.65,78.1667,2025,July,0.0745,0.078,-0.1798,285,32.64
Jui,Uttarākhand,29.67,78.9098,2025,July,0.3724,-0.0893,-0.3563,890,25.61
Amaldu,Uttarākhand,29.9333,78.5333,2025,July,0.5924,-0.1908,-0.5737,1406,26.06
Kimsar,Jammu and Kashmīr,34.5,74.5333,2025,July,0.1416,-0.098,-0.0964,3058,18.92
Sinduri,Himāchal Pradesh,30.7167,77.15,2025,July,0.0835,-0.1823,-0.0508,943,28.15
Gorakhpur,Uttar Pradesh,26.7611,83.3667,2025,July,0.0917,0.116,-0.118,84,35.76
Karaikandi,Assam,24.8309,92.6143,2025,July,0.7546,-0.305,-0.5956,20,27.61
Mumbai,Mahārāshtra,19.0758,72.8775,2025,August,0.0757,0.002,-0.0492,5,30.36
Kolkata,West Bengal,22.5675,88.37,2025,August,0.016,0.0419,-0.0428,6,27.23
Delhi,Delhi,28.66,77.23,2025,August,-0.1084,-0.231,0.1361,219,29.35
Chennai,Tamil Nādu,13.0825,80.275,2025,August,0.0949,0.1649,-0.1077,9,33.49
Ahmedabad,Gujarāt,23.0219,72.5797,2025,August,0.1733,-0.0475,-0.1512,52,27.92
Prayagraj,Uttar Pradesh,25.45,81.85,2025,August,0.0055,-0.1945,0.0255,95,30.65
Kanpur,Gujarāt,24.285,72.6933,2025,August,0.2967,-0.1289,-0.2266,335,25.95
Kanpur,Uttar Pradesh,26.4725,80.3311,2025,August,0.0469,-0.0222,-0.0061,132,32.99
Belahi,Bihār,25.7167,86.4,2025,August,-0.0175,0.0451,0.0536,41,29.95
Nadampalaiyam,Tamil Nādu,11.1793,77.376,2025,August,0.0617,-0.1609,-0.0598,318,35.83
Lucknow,Uttar Pradesh,26.847,80.947,2025,August,0.0495,0.2214,-0.0825,115,31.91
Mahuakheraganj,Uttarākhand,29.13,78.95,2025,August,0.1036,-0.1984,-0.0675,222,29.35
Nagla,Uttarākhand,29.01,79.51,2025,August,0.347,-0.1905,-0.2604,227,30.59
Jaipur,Rājasthān,26.915,75.82,2025,August,0.1495,-0.1038,-0.1001,441,27.47
Kottarassheri,Kerala,10.6167,76.5333,2025,August,0.6972,-0.1688,-0.5693,147,24.47
Attadappa,Kerala,11.85,75.4167,2025,August,0.1583,-0.3108,-0.091,37,25.96
Barmhan Kalan,Madhya Pradesh,23.0333,79.0167,2025,August,0.3317,-0.1904,-0.2778,337,27.29
Gorakhpur,Chhattīsgarh,22.1688,81.6042,2025,August,0.2395,-0.0719,-0.1992,305,29.4
Nagpur,Mahārāshtra,21.1497,79.0806,2025,August,0.1253,-0.2054,-0.0983,318,31.18
Guwahati,Assam,26.1806,91.7502,2025,August,0.1256,-0.2295,-0.0173,57,33.29
Ghaziabad,Uttar Pradesh,28.6667,77.4167,2025,August,-0.0149,-0.3679,0.0586,211,29.93
Coimbatore,Tamil Nādu,11.0008,76.9633,2025,August,0.0689,-0.1325,-0.0476,417,32.36
Vishakhapatnam,Andhra Pradesh,17.6939,83.2922,2025,August,0.1896,-0.0728,-0.1723,12,33.97
Indore,Madhya Pradesh,22.7186,75.855,2025,August,-0.0525,0.0443,0.063,553,32.33
Abhepur,Punjab,30.6667,76.8333,2025,August,0.2502,0.0445,-0.2852,311,28.19
Gumanwala,Uttarākhand,29.9333,77.9,2025,August,0.4826,-0.016,-0.471,277,27.11
Thane,Mahārāshtra,19.18,72.9633,2025,August,0.2957,-0.1159,-0.264,14,28.79
Bhopal,Madhya Pradesh,23.25,77.4167,2025,August,0.0994,0.1864,-0.1099,512,30.63
Agra,Uttar Pradesh,27.18,78.02,2025,August,0.1882,-0.0309,-0.1958,184,30.37
Peyanvilai,Tamil Nādu,8.5674,78.1046,2025,August,0.1414,0.1001,-0.2185,8,36.58
Harbatpur,Uttarākhand,30.45,77.73,2025,August,0.3037,0.0592,-0.3879,445,26.43
Saundhonwali,Uttarākhand,30.3331,77.9608,2025,August,0.023,0.1367,-0.101,612,29.61
Ludhiana,Punjab,30.9083,75.8486,2025,August,-0.0389,-0.1262,0.106,243,30.52
Meerut,Uttar Pradesh,28.98,77.7064,2025,August,-0.0599,-0.0978,0.1012,228,31.53
Madurai,Tamil Nādu,9.9197,78.1194,2025,August,0.109,0.2656,-0.3488,141,35.26
Faridabad,Haryāna,28.4167,77.3,2025,August,0.0506,-0.0193,0.001,208,27.92
Madarpur,Bihār,26.227,84.6746,2025,August,0.051,0.0767,-0.0392,69,29.63
Najafgarh,Delhi,28.6125,76.9847,2025,August,-0.1006,-0.3297,0.1788,220,29.53
Jabalpur,Madhya Pradesh,23.1667,79.9333,2025,August,-0.0209,-0.0473,0.0606,399,32.12
Madanpur,Uttarākhand,29.326,79.1537,2025,August,0.0396,-0.1816,0.0039,315,30.45
Asansol,West Bengal,23.6833,86.9667,2025,August,0.1223,0.0854,-0.0995,125,29.81
Varanasi,Uttar Pradesh,25.3189,83.0128,2025,August,0.0209,-0.213,0.0675,78,27.67
Kalleli,Kerala,9.2,76.8833,2025,August,0.3348,-0.2444,-0.246,133,24.5
Srinagar,Jammu and Kashmīr,34.0911,74.8061,2025,August,0.1473,0.0735,-0.1815,1595,30.89
Dhanbad,Jhārkhand,23.7928,86.435,2025,August,0.4961,0.015,-0.4517,245,30.23
Amritsar,Punjab,31.6269,74.877,2025,August,0.0019,0.0457,-0.0337,234,31.87
Haora,West Bengal,22.58,88.3294,2025,August,0.1369,0.0749,-0.1715,12,26.89
Gwalior,Madhya Pradesh,26.2125,78.1775,2025,August,0.003,-0.0375,0.0504,215,28.87
Jodhpur,Rājasthān,26.2944,73.0278,2025,August,-0.0922,0.0116,0.0829,251,33.8
Chandigarh,Chandīgarh,30.7364,76.7883,2025,August,0.3175,-0.0515,-0.2907,349,30.45
Raipur,Chhattīsgarh,21.2379,81.6337,2025,August,0.0541,0.1063,-0.0691,309,34.35
Warangal,Telangāna,17.9756,79.6011,2025,August,-0.0075,0.1037,0.0244,269,34.87
Kota,Rājasthān,25.18,75.83,2025,August,-0.0953,0.0227,0.1018,230,30.57
Trichinopoly,Tamil Nādu,10.8269,78.6928,2025,August,0.2128,-0.0484,-0.2147,74,32.74
Moradabad,Uttar Pradesh,28.8389,78.7769,2025,August,0.0428,-0.0947,-0.0255,205,33.07
Tiruppur,Tamil Nādu,11.1075,77.3398,2025,August,0.1596,-0.234,-0.1273,305,34.53
Jamnagar,Gujarāt,22.47,70.07,2025,August,-0.1126,-0.1101,0.1779,21,29.21
Gurgaon,Haryāna,28.4667,77.0333,2025,August,-0.0131,-0.0377,0.0048,224,27.37
Aligarh,Uttar Pradesh,27.88,78.08,2025,August,0.2289,0.0491,-0.2202,190,32.25
Jalandhar,Punjab,31.3256,75.5792,2025,August,0.0264,-0.0365,0.0104,242,31.24
Bhayandar,Mahārāshtra,19.3,72.85,2025,August,-0.006,-0.1598,-0.0037,9,27.33
Narela,Delhi,28.85,77.1,2025,August,-0.0134,-0.208,0.0517,212,28.38
Shishgarh,Uttar Pradesh,28.72,79.32,2025,August,0.0323,-0.1116,-0.0295,181,30.37
Thiruvananthapuram,Kerala,8.4875,76.9525,2025,August,0.1354,0.0214,-0.1549,15,34.59
Dispur,Assam,26.15,91.77,2025,August,0.1104,-0.2145,-0.0771,116,30.29
Durgapur,West Bengal,23.55,87.32,2025,August,0.1615,0.0104,-0.1469,90,27.97
Saharanpur,Uttar Pradesh,29.964,77.546,2025,August,0.0713,0.1438,-0.1602,280,32.47
Shiliguri,West Bengal,26.72,88.42,2025,August,0.0716,0.0406,-0.0504,119,36.01
Avadi,Tamil Nādu,13.1147,80.1098,2025,August,0.1844,-0.0229,-0.1697,32,33.36
Salem,Tamil Nādu,11.65,78.1667,2025,August,0.0752,0.1061,-0.1874,285,33.98
Jui,Uttarākhand,29.67,78.9098,2025,August,-0.0434,-0.1872,0.0848,890,29.23
Amaldu,Uttarākhand,29.9333,78.5333,2025,August,0.0575,-0.0621,-0.0702,1406,25.25
Kimsar,Jammu and Kashmīr,34.5,74.5333,2025,August,0.0356,-0.1552,0.0082,3058,14.55
Sinduri,Himāchal Pradesh,30.7167,77.15,2025,August,0.4984,-0.1544,-0.4468,943,22.52
Gorakhpur,Uttar Pradesh,26.7611,83.3667,2025,August,-0.0161,-0.2204,0.1138,84,33.79
Karaikandi,Assam,24.8309,92.6143,2025,August,0.766,-0.2881,-0.6242,20,29.59
Mumbai,Mahārāshtra,19.0758,72.8775,2025,September,-0.0234,-0.2673,0.0399,5,23.33
Kolkata,West Bengal,22.5675,88.37,2025,September,-0.0174,0.1282,-0.0879,6,30.59
Delhi,Delhi,28.66,77.23,2025,September,0.1458,0.0515,-0.1689,219,31.65
Chennai,Tamil Nādu,13.0825,80.275,2025,September,0.0439,0.2822,-0.0566,9,33.87
Bangalore,Karnātaka,12.9791,77.5913,2025,September,0.0212,-0.1081,0.0022,924,30.71
Ahmedabad,Gujarāt,23.0219,72.5797,2025,September,0.1487,-0.0353,-0.1224,52,30.93
Pune,Mahārāshtra,18.5211,73.8553,2025,September,0.0002,0.0097,0.0222,554,30.83
Hyderabad,Telangāna,17.3617,78.4747,2025,September,-0.098,0.1659,0.1029,508,31.1
Surat,Gujarāt,21.205,72.84,2025,September,-0.0303,-0.2034,0.0898,14,27.01
Prayagraj,Uttar Pradesh,25.45,81.85,2025,September,0.226,-0.0811,-0.177,95,32.19
Kanpur,Gujarāt,24.285,72.6933,2025,September,0.2827,-0.1635,-0.213,335,27.06
Kanpur,Uttar Pradesh,26.4725,80.3311,2025,September,0.1135,0.1109,-0.1398,132,32.62
Belahi,Bihār,25.7167,86.4,2025,September,0.0492,-0.0906,0.1208,41,30.37
Vadodara,Gujarāt,22.3,73.2,2025,September,-0.1011,0.0602,0.082,38,30.36
Nadampalaiyam,Tamil Nādu,11.1793,77.376,2025,September,0.0532,0.0427,-0.0511,318,35.15
Lucknow,Uttar Pradesh,26.847,80.947,2025,September,0.0551,0.0835,-0.0198,115,32.32
Kannankulam,Kerala,10.4799,76.1131,2025,September,0.348,-0.1706,-0.3158,13,27.85
Mahuakheraganj,Uttarākhand,29.13,78.95,2025,September,0.3737,-0.1024,-0.3708,222,28.83
Nagla,Uttarākhand,29.01,79.51,2025,September,0.6901,-0.2687,-0.6044,227,28.7
Jaipur,Rājasthān,26.915,75.82,2025,September,0.5426,-0.0639,-0.5514,441,31.61
Kottarassheri,Kerala,10.6167,76.5333,2025,September,0.2982,-0.1857,-0.275,147,24.66
Attadappa,Kerala,11.85,75.4167,2025,September,0.7615,-0.3019,-0.6694,37,27.42
Barmhan Kalan,Madhya Pradesh,23.0333,79.0167,2025,September,0.0348,-0.2322,0.0021,337,26.1
Gorakhpur,Chhattīsgarh,22.1688,81.6042,2025,September,0.2689,-0.0622,-0.2273,305,27.63
Nagpur,Mahārāshtra,21.1497,79.0806,2025,September,0.2588,-0.0827,-0.2752,318,31.65
Guwahati,Assam,26.1806,91.7502,2025,September,-0.0121,0.1654,-0.1574,57,33.33
Ghaziabad,Uttar Pradesh,28.6667,77.4167,2025,September,0.2587,0.018,-0.2838,211,32.36
Coimbatore,Tamil Nādu,11.0008,76.9633,2025,September,0.3336,0.0255,-0.3477,417,34.66
Patna,Bihār,25.61,85.1414,2025,September,0.0861,0.1565,-0.0963,63,33.27
Rajkot,Gujarāt,22.2969,70.7984,2025,September,-0.1112,0.135,0.0644,134,30.12
Vishakhapatnam,Andhra Pradesh,17.6939,83.2922,2025,September,0.2007,-0.0309,-0.1852,12,31.11
Indore,Madhya Pradesh,22.7186,75.855,2025,September,-0.0099,0.0103,0.0416,553,30.24
Abhepur,Punjab,30.6667,76.8333,2025,September,0.2298,0.0433,-0.2527,311,30.27
Gumanwala,Uttarākhand,29.9333,77.9,2025,September,0.4076,-0.0869,-0.4577,277,28.57
Bhopal,Madhya Pradesh,23.25,77.4167,2025,September,0.0162,-0.0577,0.0186,512,29.91
Agra,Uttar Pradesh,27.18,78.02,2025,September,0.46,-0.0471,-0.4541,184,32.52
Peyanvilai,Tamil Nādu,8.5674,78.1046,2025,September,0.1348,0.126,-0.2331,8,37.79
Pimpri-Chinchwad,Mahārāshtra,18.6278,73.8131,2025,September,0.0004,-0.0959,0.0363,584,30.51
Harbatpur,Uttarākhand,30.45,77.73,2025,September,0.3878,0.0033,-0.4112,445,27.83
Saundhonwali,Uttarākhand,30.3331,77.9608,2025,September,0.034,0.0481,-0.0088,612,28.9
Ludhiana,Punjab,30.9083,75.8486,2025,September,0.3237,-0.054,-0.282,243,31.66
Meerut,Uttar Pradesh,28.98,77.7064,2025,September,0.1018,0.16,-0.1558,228,33.41
Madurai,Tamil Nādu,9.9197,78.1194,2025,September,0.1022,0.2231,-0.2752,141,36.02
Nasik,Mahārāshtra,20.0,73.7833,2025,September,-0.0555,-0.0784,0.0762,588,29.41
Faridabad,Haryāna,28.4167,77.3,2025,September,0.3298,0.0907,-0.3619,208,31.91
Madarpur,Bihār,26.227,84.6746,2025,September,0.2125,0.0627,-0.2123,69,29.05
Najafgarh,Delhi,28.6125,76.9847,2025,September,0.0472,0.0815,-0.0776,220,32.52
Jabalpur,Madhya Pradesh,23.1667,79.9333,2025,September,0.0391,-0.227,0.0149,399,27.57
Madanpur,Uttarākhand,29.326,79.1537,2025,September,0.4516,-0.2422,-0.3593,315,26.18
Kamalwaganja Gaur,Uttarākhand,29.2117,79.4654,2025,September,0.5267,-0.1108,-0.446,383,30.05
Kalyan,Mahārāshtra,19.25,73.15,2025,September,0.0855,-0.0636,-0.0748,10,27.97
Asansol,West Bengal,23.6833,86.9667,2025,September,0.0283,0.1039,0.1148,125,30.87
Vijayawada ,Andhra Pradesh,16.5167,80.6167,2025,September,0.482,-0.1051,-0.4301,27,29.1
Vasai-Virar,Mahārāshtra,19.47,72.8,2025,September,0.0781,-0.0928,-0.0508,0,25.83
Varanasi,Uttar Pradesh,25.3189,83.0128,2025,September,0.1102,0.0083,-0.1221,78,29.98
Kalleli,Kerala,9.2,76.8833,2025,September,0.5929,-0.205,-0.5289,133,28.94
Srinagar,Jammu and Kashmīr,34.0911,74.8061,2025,September,0.1661,0.1079,-0.1924,1595,29.03
Aurangabad,Mahārāshtra,19.88,75.32,2025,September,0.0775,0.0117,-0.0615,564,29.51
Dhanbad,Jhārkhand,23.7928,86.435,2025,September,0.1522,0.0427,-0.1519,245,30.49
Amritsar,Punjab,31.6269,74.877,2025,September,0.165,0.0358,-0.1914,234,31.69
Haora,West Bengal,22.58,88.3294,2025,September,0.2407,0.1719,-0.2573,12,30.37
Ranchi,Jhārkhand,23.3556,85.3347,2025,September,0.0116,-0.1561,0.0338,643,29.66
Gwalior,Madhya Pradesh,26.2125,78.1775,2025,September,0.0334,0.1417,-0.1313,215,32.93
Jodhpur,Rājasthān,26.2944,73.0278,2025,September,0.1873,0.1001,-0.2217,251,32.13
Chandigarh,Chandīgarh,30.7364,76.7883,2025,September,0.4632,-0.0462,-0.4442,349,29.58
Warangal,Telangāna,17.9756,79.6011,2025,September,0.0623,0.1535,-0.0975,269,30.8
Kota,Rājasthān,25.18,75.83,2025,September,0.0538,0.0263,-0.0474,230,30.0
Bareilly,Uttar Pradesh,28.364,79.415,2025,September,0.0826,0.096,-0.1174,180,31.83
Solapur,Mahārāshtra,17.6703,75.9011,2025,September,0.1311,0.0452,-0.1476,474,31.53
Hubli,Karnātaka,15.3108,75.0925,2025,September,-0.0154,-0.2289,0.0498,618,26.24
Mysore,Karnātaka,12.3086,76.6531,2025,September,0.0055,-0.1545,0.0097,747,29.37
Trichinopoly,Tamil Nādu,10.8269,78.6928,2025,September,0.266,-0.0191,-0.3117,74,33.33
Moradabad,Uttar Pradesh,28.8389,78.7769,2025,September,0.1587,0.1139,-0.0402,205,32.32
Tiruppur,Tamil Nādu,11.1075,77.3398,2025,September,0.2146,-0.0365,-0.229,305,36.09
Jamnagar,Gujarāt,22.47,70.07,2025,September,0.1028,0.0044,-0.0961,21,28.96
Gurgaon,Haryāna,28.4667,77.0333,2025,September,0.1547,0.0068,-0.1935,224,32.32
Aligarh,Uttar Pradesh,27.88,78.08,2025,September,0.1962,0.0766,-0.156,190,32.62
Jalandhar,Punjab,31.3256,75.5792,2025,September,0.0649,0.0483,-0.0639,242,31.8
Narela,Delhi,28.85,77.1,2025,September,0.7221,-0.2939,-0.6539,212,30.7
Shishgarh,Uttar Pradesh,28.72,79.32,2025,September,0.7866,-0.2764,-0.6909,181,28.7
Thiruvananthapuram,Kerala,8.4875,76.9525,2025,September,0.099,0.0458,-0.1242,15,34.41
Dispur,Assam,26.15,91.77,2025,September,0.8467,-0.3302,-0.744,116,33.37
Durgapur,West Bengal,23.55,87.32,2025,September,0.2329,-0.0178,-0.1655,90,30.29
Bhiwandi,Mahārāshtra,19.3,73.0667,2025,September,0.0351,-0.0982,-0.0316,25,30.1
Saharanpur,Uttar Pradesh,29.964,77.546,2025,September,0.092,0.0939,-0.173,280,30.67
Shiliguri,West Bengal,26.72,88.42,2025,September,0.0324,0.051,-0.0307,119,33.81
Avadi,Tamil Nādu,13.1147,80.1098,2025,September,0.1302,0.1127,-0.1703,32,33.37
Salem,Tamil Nādu,11.65,78.1667,2025,September,0.1225,0.0211,-0.1565,285,34.01
Jui,Uttarākhand,29.67,78.9098,2025,September,0.2915,-0.0996,-0.1528,890,25.94
Amaldu,Uttarākhand,29.9333,78.5333,2025,September,0.5131,-0.2214,-0.4116,1406,24.0
Kimsar,Jammu and Kashmīr,34.5,74.5333,2025,September,0.6008,-0.089,-0.5463,3058,16.98
Sinduri,Himāchal Pradesh,30.7167,77.15,2025,September,0.3288,-0.0994,-0.2768,943,25.74
Gorakhpur,Uttar Pradesh,26.7611,83.3667,2025,September,0.0615,0.0484,-0.0061,84,30.99
Guntur,Andhra Pradesh,16.3,80.45,2025,September,0.1688,0.0873,-0.1979,34,34.19
Karaikandi,Assam,24.8309,92.6143,2025,September,0.8903,-0.3473,-0.709,20,29.81
Mumbai,Mahārāshtra,19.0758,72.8775,2025,October,0.0377,0.0692,-0.0801,5,34.41
Kolkata,West Bengal,22.5675,88.37,2025,October,0.071,0.0411,-0.1098,6,30.81
Delhi,Delhi,28.66,77.23,2025,October,0.1956,-0.0155,-0.22,219,28.52
Chennai,Tamil Nādu,13.0825,80.275,2025,October,0.0557,0.2433,-0.0547,9,30.13
Bangalore,Karnātaka,12.9791,77.5913,2025,October,0.3681,-0.1297,-0.3344,924,29.03
Ahmedabad,Gujarāt,23.0219,72.5797,2025,October,0.185,-0.0188,-0.2068,52,31.52
Pune,Mahārāshtra,18.5211,73.8553,2025,October,0.361,-0.0544,-0.3624,554,30.46
Hyderabad,Telangāna,17.3617,78.4747,2025,October,-0.0167,0.1731,-0.0073,508,31.25
Surat,Gujarāt,21.205,72.84,2025,October,0.1338,0.0388,-0.2075,14,32.32
Prayagraj,Uttar Pradesh,25.45,81.85,2025,October,0.4659,-0.0898,-0.4298,95,30.5
Kanpur,Gujarāt,24.285,72.6933,2025,October,0.6108,-0.1626,-0.5909,335,29.42
Kanpur,Uttar Pradesh,26.4725,80.3311,2025,October,0.1473,0.0784,-0.1772,132,30.54
Belahi,Bihār,25.7167,86.4,2025,October,0.1832,-0.3311,-0.0534,41,27.37
Vadodara,Gujarāt,22.3,73.2,2025,October,0.2629,-0.0458,-0.2479,38,32.06
Nadampalaiyam,Tamil Nādu,11.1793,77.376,2025,October,0.1117,-0.0252,-0.0919,318,30.31
Lucknow,Uttar Pradesh,26.847,80.947,2025,October,0.0764,0.2471,-0.1267,115,31.18
Kannankulam,Kerala,10.4799,76.1131,2025,October,0.4805,-0.1281,-0.4157,13,28.96
Mahuakheraganj,Uttarākhand,29.13,78.95,2025,October,0.2739,-0.0407,-0.3003,222,26.98
Nagla,Uttarākhand,29.01,79.51,2025,October,0.4669,-0.0976,-0.4785,227,27.16
Jaipur,Rājasthān,26.915,75.82,2025,October,0.6647,-0.1813,-0.6394,441,30.14
Kottarassheri,Kerala,10.6167,76.5333,2025,October,0.6751,-0.1178,-0.589,147,27.2
Attadappa,Kerala,11.85,75.4167,2025,October,0.8239,-0.3138,-0.7242,37,29.67
Barmhan Kalan,Madhya Pradesh,23.0333,79.0167,2025,October,0.723,-0.2218,-0.6445,337,28.52
Gorakhpur,Chhattīsgarh,22.1688,81.6042,2025,October,0.3362,-0.052,-0.3486,305,27.2
Nagpur,Mahārāshtra,21.1497,79.0806,2025,October,0.3327,-0.1023,-0.3361,318,30.7
Guwahati,Assam,26.1806,91.7502,2025,October,0.0291,0.1853,-0.198,57,29.25
Ghaziabad,Uttar Pradesh,28.6667,77.4167,2025,October,0.2714,-0.017,-0.2831,211,29.06
Coimbatore,Tamil Nādu,11.0008,76.9633,2025,October,-0.009,-0.0374,0.0355,417,32.13
Patna,Bihār,25.61,85.1414,2025,October,0.1271,0.1544,-0.1614,63,30.34
Rajkot,Gujarāt,22.2969,70.7984,2025,October,0.017,0.142,-0.052,134,31.78
Vishakhapatnam,Andhra Pradesh,17.6939,83.2922,2025,October,0.1514,-0.0223,-0.1581,12,30.09
Indore,Madhya Pradesh,22.7186,75.855,2025,October,0.0727,0.1359,-0.1084,553,28.4
Abhepur,Punjab,30.6667,76.8333,2025,October,0.2234,0.0532,-0.2449,311,28.62
Gumanwala,Uttarākhand,29.9333,77.9,2025,October,0.384,-0.0143,-0.4064,277,26.48
Thane,Mahārāshtra,19.18,72.9633,2025,October,0.3165,-0.0286,-0.3179,14,30.76
Bhopal,Madhya Pradesh,23.25,77.4167,2025,October,0.1298,0.1257,-0.1466,512,28.48
Agra,Uttar Pradesh,27.18,78.02,2025,October,0.4952,0.0015,-0.5539,184,28.22
Peyanvilai,Tamil Nādu,8.5674,78.1046,2025,October,0.1299,-0.0894,-0.1314,8,33.49
Pimpri-Chinchwad,Mahārāshtra,18.6278,73.8131,2025,October,0.6531,-0.1156,-0.5928,584,30.56
Harbatpur,Uttarākhand,30.45,77.73,2025,October,0.3481,0.0532,-0.3951,445,25.62
Saundhonwali,Uttarākhand,30.3331,77.9608,2025,October,0.0675,0.1052,-0.1137,612,25.01
Ludhiana,Punjab,30.9083,75.8486,2025,October,0.4538,-0.103,-0.4296,243,28.19
Meerut,Uttar Pradesh,28.98,77.7064,2025,October,0.1034,0.0977,-0.1559,228,29.06
Madurai,Tamil Nādu,9.9197,78.1194,2025,October,0.0832,0.2671,-0.359,141,33.65
Nasik,Mahārāshtra,20.0,73.7833,2025,October,0.1215,0.1395,-0.1826,588,30.03
Faridabad,Haryāna,28.4167,77.3,2025,October,0.335,0.0507,-0.3508,208,28.6
Madarpur,Bihār,26.227,84.6746,2025,October,0.1743,0.0627,-0.1949,69,28.47
Najafgarh,Delhi,28.6125,76.9847,2025,October,0.0871,0.0491,-0.1166,220,28.6
Jabalpur,Madhya Pradesh,23.1667,79.9333,2025,October,0.1295,0.1118,-0.086,399,30.07
Madanpur,Uttarākhand,29.326,79.1537,2025,October,0.6831,-0.2854,-0.5951,315,26.17
Kamalwaganja Gaur,Uttarākhand,29.2117,79.4654,2025,October,0.6262,-0.1413,-0.5505,383,27.23
Kalyan,Mahārāshtra,19.25,73.15,2025,October,0.3126,0.2065,-0.3163,10,30.22
Asansol,West Bengal,23.6833,86.9667,2025,October,0.2603,0.1205,-0.2787,125,30.01
Vijayawada ,Andhra Pradesh,16.5167,80.6167,2025,October,0.5192,-0.1075,-0.4825,27,29.19
Vasai-Virar,Mahārāshtra,19.47,72.8,2025,October,0.2089,0.1392,-0.2371,0,28.54
Varanasi,Uttar Pradesh,25.3189,83.0128,2025,October,0.1579,-0.0089,-0.1778,78,29.48
Kalleli,Kerala,9.2,76.8833,2025,October,0.7923,-0.2336,-0.7026,133,28.33
Srinagar,Jammu and Kashmīr,34.0911,74.8061,2025,October,0.1534,0.1162,-0.1738,1595,20.62
Aurangabad,Mahārāshtra,19.88,75.32,2025,October,0.2257,0.0186,-0.2441,564,30.11
Dhanbad,Jhārkhand,23.7928,86.435,2025,October,0.2726,0.0011,-0.2595,245,30.26
Amritsar,Punjab,31.6269,74.877,2025,October,0.169,0.0014,-0.2223,234,27.96
Haora,West Bengal,22.58,88.3294,2025,October,0.2294,0.1416,-0.2453,12,30.75
Ranchi,Jhārkhand,23.3556,85.3347,2025,October,0.2628,-0.0425,-0.1988,643,28.23
Gwalior,Madhya Pradesh,26.2125,78.1775,2025,October,0.0891,0.0932,-0.196,215,28.62
Jodhpur,Rājasthān,26.2944,73.0278,2025,October,0.1763,0.0834,-0.227,251,31.04
Chandigarh,Chandīgarh,30.7364,76.7883,2025,October,0.4872,-0.094,-0.4615,349,27.12
Raipur,Chhattīsgarh,21.2379,81.6337,2025,October,0.0896,0.0544,-0.0314,309,30.46
Warangal,Telangāna,17.9756,79.6011,2025,October,0.1037,0.1091,-0.1196,269,30.45
Kota,Rājasthān,25.18,75.83,2025,October,0.0932,0.0289,-0.1087,230,28.43
Bareilly,Uttar Pradesh,28.364,79.415,2025,October,0.0657,0.0876,-0.103,180,29.45
Solapur,Mahārāshtra,17.6703,75.9011,2025,October,0.1376,-0.0657,-0.1234,474,30.76
Hubli,Karnātaka,15.3108,75.0925,2025,October,0.083,-0.1426,-0.0409,618,31.31
Mysore,Karnātaka,12.3086,76.6531,2025,October,0.0829,0.0123,-0.0631,747,27.62
Trichinopoly,Tamil Nādu,10.8269,78.6928,2025,October,0.3293,-0.0395,-0.3607,74,31.57
Moradabad,Uttar Pradesh,28.8389,78.7769,2025,October,0.0806,0.0731,-0.0575,205,29.5
Tiruppur,Tamil Nādu,11.1075,77.3398,2025,October,0.1783,-0.0424,-0.1368,305,31.95
Jamnagar,Gujarāt,22.47,70.07,2025,October,0.293,-0.0235,-0.2762,21,31.58
Gurgaon,Haryāna,28.4667,77.0333,2025,October,0.1759,-0.0612,-0.2317,224,28.88
Aligarh,Uttar Pradesh,27.88,78.08,2025,October,0.313,0.0381,-0.319,190,29.9
Jalandhar,Punjab,31.3256,75.5792,2025,October,0.1375,0.0508,-0.1938,242,28.18
Bhubaneshwar,Odisha,20.295,85.825,2025,October,0.1931,-0.0523,-0.2066,47,29.84
Bhayandar,Mahārāshtra,19.3,72.85,2025,October,0.1937,0.1584,-0.3222,9,30.86
Narela,Delhi,28.85,77.1,2025,October,0.561,-0.1863,-0.5028,212,27.56
Shishgarh,Uttar Pradesh,28.72,79.32,2025,October,0.6479,-0.2279,-0.6074,181,27.17
Thiruvananthapuram,Kerala,8.4875,76.9525,2025,October,0.08,-0.0031,-0.08,15,32.09
Dispur,Assam,26.15,91.77,2025,October,0.7709,-0.3331,-0.6715,116,30.49
Durgapur,West Bengal,23.55,87.32,2025,October,0.3592,-0.0069,-0.3372,90,29.15
Bhiwandi,Mahārāshtra,19.3,73.0667,2025,October,0.1285,0.025,-0.1591,25,34.52
Saharanpur,Uttar Pradesh,29.964,77.546,2025,October,0.0942,0.1077,-0.1362,280,29.38
Shiliguri,West Bengal,26.72,88.42,2025,October,0.0816,0.0857,-0.089,119,31.91
Avadi,Tamil Nādu,13.1147,80.1098,2025,October,0.205,-0.0104,-0.2011,32,29.66
Salem,Tamil Nādu,11.65,78.1667,2025,October,0.0408,0.1173,-0.15,285,31.78
Jui,Uttarākhand,29.67,78.9098,2025,October,0.845,-0.1968,-0.765,890,22.2
Amaldu,Uttarākhand,29.9333,78.5333,2025,October,0.7848,-0.1942,-0.6669,1406,21.11
Kimsar,Jammu and Kashmīr,34.5,74.5333,2025,October,0.6689,-0.1903,-0.6362,3058,12.36
Sinduri,Himāchal Pradesh,30.7167,77.15,2025,October,0.4908,-0.0719,-0.4946,943,22.61
Gorakhpur,Uttar Pradesh,26.7611,83.3667,2025,October,0.201,0.0562,-0.2272,84,30.19
Guntur,Andhra Pradesh,16.3,80.45,2025,October,0.0992,0.0256,-0.0796,34,31.85
Karaikandi,Assam,24.8309,92.6143,2025,October,0.8195,-0.3574,-0.6948,20,28.45
Mumbai,Mahārāshtra,19.0758,72.8775,2025,November,0.0653,0.0319,-0.1128,5,31.55
Kolkata,West Bengal,22.5675,88.37,2025,November,0.0818,0.018,-0.166,6,28.55
Delhi,Delhi,28.66,77.23,2025,November,0.171,-0.0085,-0.2575,219,22.19
Chennai,Tamil Nādu,13.0825,80.275,2025,November,0.0345,-0.1303,0.0023,9,30.52
Bangalore,Karnātaka,12.9791,77.5913,2025,November,-0.0554,-0.1265,0.0891,924,25.53
Ahmedabad,Gujarāt,23.0219,72.5797,2025,November,0.242,-0.0703,-0.2747,52,27.0
Pune,Mahārāshtra,18.5211,73.8553,2025,November,0.3331,-0.0889,-0.3464,554,27.01
Hyderabad,Telangāna,17.3617,78.4747,2025,November,0.0937,0.1995,-0.125,508,28.38
Surat,Gujarāt,21.205,72.84,2025,November,0.1406,0.016,-0.2015,14,28.96
Prayagraj,Uttar Pradesh,25.45,81.85,2025,November,0.49,-0.118,-0.4602,95,23.34
Kanpur,Gujarāt,24.285,72.6933,2025,November,0.6002,-0.16,-0.5876,335,25.21
Kanpur,Uttar Pradesh,26.4725,80.3311,2025,November,0.1451,0.074,-0.1719,132,23.48
Belahi,Bihār,25.7167,86.4,2025,November,0.1513,-0.291,-0.0644,41,23.87
Vadodara,Gujarāt,22.3,73.2,2025,November,0.3351,-0.0788,-0.3212,38,27.38
Nadampalaiyam,Tamil Nādu,11.1793,77.376,2025,November,0.1317,-0.0125,-0.1204,318,30.37
Lucknow,Uttar Pradesh,26.847,80.947,2025,November,0.0501,0.2173,-0.0976,115,23.96
Kannankulam,Kerala,10.4799,76.1131,2025,November,0.6014,-0.1114,-0.5399,13,28.34
Mahuakheraganj,Uttarākhand,29.13,78.95,2025,November,0.1519,0.0342,-0.1837,222,23.22
Nagla,Uttarākhand,29.01,79.51,2025,November,0.3473,0.0555,-0.368,227,22.72
Jaipur,Rājasthān,26.915,75.82,2025,November,0.598,-0.1539,-0.5943,441,24.0
Kottarassheri,Kerala,10.6167,76.5333,2025,November,0.5339,-0.143,-0.4749,147,27.47
Attadappa,Kerala,11.85,75.4167,2025,November,0.7243,-0.3106,-0.6368,37,29.05
Barmhan Kalan,Madhya Pradesh,23.0333,79.0167,2025,November,0.4621,-0.0938,-0.4656,337,22.91
Gorakhpur,Chhattīsgarh,22.1688,81.6042,2025,November,0.3195,-0.0344,-0.3375,305,24.57
Nagpur,Mahārāshtra,21.1497,79.0806,2025,November,0.3889,-0.1598,-0.3876,318,25.17
Guwahati,Assam,26.1806,91.7502,2025,November,0.0429,0.1686,-0.243,57,25.73
Ghaziabad,Uttar Pradesh,28.6667,77.4167,2025,November,0.2348,-0.0153,-0.2592,211,22.47
Coimbatore,Tamil Nādu,11.0008,76.9633,2025,November,-0.0302,-0.0594,0.0659,417,30.88
Patna,Bihār,25.61,85.1414,2025,November,0.1109,0.1207,-0.1402,63,23.96
Rajkot,Gujarāt,22.2969,70.7984,2025,November,0.0265,0.1251,-0.0437,134,27.27
Vishakhapatnam,Andhra Pradesh,17.6939,83.2922,2025,November,0.294,0.0248,-0.3431,12,28.41
Indore,Madhya Pradesh,22.7186,75.855,2025,November,0.0605,0.105,-0.1626,553,25.79
Abhepur,Punjab,30.6667,76.8333,2025,November,0.2151,0.0218,-0.2557,311,22.14
Gumanwala,Uttarākhand,29.9333,77.9,2025,November,0.4835,-0.0643,-0.4694,277,21.04
Thane,Mahārāshtra,19.18,72.9633,2025,November,0.2496,-0.0366,-0.2554,14,29.31
Bhopal,Madhya Pradesh,23.25,77.4167,2025,November,0.1416,0.1206,-0.1713,512,24.33
Agra,Uttar Pradesh,27.18,78.02,2025,November,0.4311,0.0275,-0.4986,184,22.11
Peyanvilai,Tamil Nādu,8.5674,78.1046,2025,November,0.2233,-0.1181,-0.2004,8,28.41
Pimpri-Chinchwad,Mahārāshtra,18.6278,73.8131,2025,November,0.6941,-0.2127,-0.6448,584,27.26
Harbatpur,Uttarākhand,30.45,77.73,2025,November,0.2555,0.0906,-0.326,445,20.72
Saundhonwali,Uttarākhand,30.3331,77.9608,2025,November,0.0676,0.0733,-0.1415,612,19.43
Ludhiana,Punjab,30.9083,75.8486,2025,November,0.3337,-0.1063,-0.3281,243,21.04
Meerut,Uttar Pradesh,28.98,77.7064,2025,November,0.0672,0.0861,-0.1482,228,22.32
Madurai,Tamil Nādu,9.9197,78.1194,2025,November,-0.0542,-0.2562,0.1219,141,29.25
Nasik,Mahārāshtra,20.0,73.7833,2025,November,0.1197,0.1232,-0.1858,588,26.02
Faridabad,Haryāna,28.4167,77.3,2025,November,0.2991,0.0304,-0.3263,208,21.98
Madarpur,Bihār,26.227,84.6746,2025,November,0.1733,0.0216,-0.1964,69,22.76
Najafgarh,Delhi,28.6125,76.9847,2025,November,0.0917,0.0305,-0.1462,220,21.22
Jabalpur,Madhya Pradesh,23.1667,79.9333,2025,November,0.1945,0.1479,-0.2064,399,24.34
Madanpur,Uttarākhand,29.326,79.1537,2025,November,0.5426,-0.1049,-0.5245,315,22.22
Kamalwaganja Gaur,Uttarākhand,29.2117,79.4654,2025,November,0.4303,-0.0033,-0.4257,383,23.19
Kalyan,Mahārāshtra,19.25,73.15,2025,November,0.2456,0.1413,-0.277,10,28.63
Asansol,West Bengal,23.6833,86.9667,2025,November,0.2426,0.1451,-0.271,125,25.49
Vijayawada ,Andhra Pradesh,16.5167,80.6167,2025,November,0.4437,-0.1378,-0.3817,27,27.4
Vasai-Virar,Mahārāshtra,19.47,72.8,2025,November,0.1415,0.1368,-0.1663,0,27.66
Varanasi,Uttar Pradesh,25.3189,83.0128,2025,November,0.1987,-0.0354,-0.2421,78,22.48
Kalleli,Kerala,9.2,76.8833,2025,November,0.1116,-0.263,-0.0593,133,27.48
Srinagar,Jammu and Kashmīr,34.0911,74.8061,2025,November,0.0531,0.043,-0.0392,1595,12.86
Aurangabad,Mahārāshtra,19.88,75.32,2025,November,0.2568,-0.0019,-0.3095,564,27.04
Dhanbad,Jhārkhand,23.7928,86.435,2025,November,0.4944,-0.0094,-0.4912,245,25.13
Amritsar,Punjab,31.6269,74.877,2025,November,0.1342,-0.0217,-0.1851,234,20.87
Haora,West Bengal,22.58,88.3294,2025,November,0.2467,0.1243,-0.2864,12,26.57
Ranchi,Jhārkhand,23.3556,85.3347,2025,November,0.4718,-0.0115,-0.49,643,23.3
Gwalior,Madhya Pradesh,26.2125,78.1775,2025,November,0.0901,0.101,-0.1813,215,23.14
Jodhpur,Rājasthān,26.2944,73.0278,2025,November,0.1893,0.0687,-0.239,251,26.06
Chandigarh,Chandīgarh,30.7364,76.7883,2025,November,0.485,-0.1267,-0.4646,349,21.35
Raipur,Chhattīsgarh,21.2379,81.6337,2025,November,0.1104,0.0734,-0.1572,309,26.65
Warangal,Telangāna,17.9756,79.6011,2025,November,0.1005,0.1037,-0.1572,269,27.15
Kota,Rājasthān,25.18,75.83,2025,November,0.1086,-0.0422,-0.1364,230,24.09
Bareilly,Uttar Pradesh,28.364,79.415,2025,November,0.0822,0.0325,-0.1221,180,23.01
Solapur,Mahārāshtra,17.6703,75.9011,2025,November,0.182,0.0309,-0.2157,474,27.86
Hubli,Karnātaka,15.3108,75.0925,2025,November,0.2961,0.0555,-0.301,618,26.52
Mysore,Karnātaka,12.3086,76.6531,2025,November,0.0463,0.1416,-0.0929,747,27.71
Trichinopoly,Tamil Nādu,10.8269,78.6928,2025,November,0.32,-0.0301,-0.3308,74,28.17
Moradabad,Uttar Pradesh,28.8389,78.7769,2025,November,0.1278,0.1073,-0.1346,205,22.81
Tiruppur,Tamil Nādu,11.1075,77.3398,2025,November,0.0809,-0.0926,0.0427,305,31.88
Jamnagar,Gujarāt,22.47,70.07,2025,November,0.3,-0.0025,-0.3091,21,27.47
Gurgaon,Haryāna,28.4667,77.0333,2025,November,0.1572,-0.0445,-0.2251,224,21.75
Aligarh,Uttar Pradesh,27.88,78.08,2025,November,0.2005,0.0285,-0.2332,190,22.95
Jalandhar,Punjab,31.3256,75.5792,2025,November,0.1347,0.0174,-0.1889,242,21.05
Bhubaneshwar,Odisha,20.295,85.825,2025,November,0.1789,-0.0859,-0.2164,47,27.02
Bhayandar,Mahārāshtra,19.3,72.85,2025,November,0.1919,0.0974,-0.2688,9,28.94
Narela,Delhi,28.85,77.1,2025,November,0.2856,0.0251,-0.3633,212,21.15
Shishgarh,Uttar Pradesh,28.72,79.32,2025,November,0.563,-0.233,-0.5109,181,21.24
Thiruvananthapuram,Kerala,8.4875,76.9525,2025,November,-0.0155,-0.1668,0.0154,15,31.7
Dispur,Assam,26.15,91.77,2025,November,0.813,-0.2838,-0.6983,116,26.58
Durgapur,West Bengal,23.55,87.32,2025,November,0.3661,0.0082,-0.4006,90,25.3
Bhiwandi,Mahārāshtra,19.3,73.0667,2025,November,0.1136,-0.0342,-0.1518,25,31.16
Saharanpur,Uttar Pradesh,29.964,77.546,2025,November,0.064,0.0408,-0.1085,280,22.14
Shiliguri,West Bengal,26.72,88.42,2025,November,0.1461,0.0713,-0.1622,119,27.35
Avadi,Tamil Nādu,13.1147,80.1098,2025,November,0.0972,-0.2226,-0.0059,32,30.47
Salem,Tamil Nādu,11.65,78.1667,2025,November,0.0326,0.1508,-0.0752,285,32.04
Jui,Uttarākhand,29.67,78.9098,2025,November,0.8477,-0.2017,-0.7764,890,18.3
Amaldu,Uttarākhand,29.9333,78.5333,2025,November,0.6613,-0.0595,-0.648,1406,16.88
Kimsar,Jammu and Kashmīr,34.5,74.5333,2025,November,0.6676,-0.2706,-0.6448,3058,7.69
Sinduri,Himāchal Pradesh,30.7167,77.15,2025,November,0.4024,-0.0106,-0.4624,943,18.17
Gorakhpur,Uttar Pradesh,26.7611,83.3667,2025,November,0.1671,0.048,-0.1902,84,23.69
Guntur,Andhra Pradesh,16.3,80.45,2025,November,0.103,0.0504,-0.0967,34,26.22
Karaikandi,Assam,24.8309,92.6143,2025,November,0.8571,-0.3674,-0.731,20,25.06
Mumbai,Mahārāshtra,19.0758,72.8775,2025,December,0.0717,0.0207,-0.133,5,29.64
Kolkata,West Bengal,22.5675,88.37,2025,December,0.0368,0.0183,-0.0923,6,22.44
Delhi,Delhi,28.66,77.23,2025,December,0.1576,0.1406,-0.2629,219,17.17
Chennai,Tamil Nādu,13.0825,80.275,2025,December,0.0996,0.2089,-0.0908,9,27.95
Bangalore,Karnātaka,12.9791,77.5913,2025,December,0.3284,-0.066,-0.3393,924,22.78
Ahmedabad,Gujarāt,23.0219,72.5797,2025,December,0.2307,-0.0633,-0.23,52,24.3
Pune,Mahārāshtra,18.5211,73.8553,2025,December,0.2754,-0.0285,-0.3113,554,24.01
Hyderabad,Telangāna,17.3617,78.4747,2025,December,0.1121,0.1541,-0.1517,508,25.41
Surat,Gujarāt,21.205,72.84,2025,December,0.133,0.0342,-0.2369,14,26.67
Prayagraj,Uttar Pradesh,25.45,81.85,2025,December,0.332,-0.0945,-0.3499,95,20.09
Kanpur,Gujarāt,24.285,72.6933,2025,December,0.602,-0.1486,-0.6078,335,22.81
Kanpur,Uttar Pradesh,26.4725,80.3311,2025,December,0.1066,0.0297,-0.1311,132,19.75
Belahi,Bihār,25.7167,86.4,2025,December,0.2211,-0.2679,-0.158,41,20.79
Vadodara,Gujarāt,22.3,73.2,2025,December,0.2466,-0.0283,-0.2733,38,25.18
Nadampalaiyam,Tamil Nādu,11.1793,77.376,2025,December,0.114,0.0551,-0.1406,318,27.53
Lucknow,Uttar Pradesh,26.847,80.947,2025,December,0.0478,0.1265,-0.049,115,19.57
Kannankulam,Kerala,10.4799,76.1131,2025,December,0.6236,-0.1497,-0.5812,13,26.03
Mahuakheraganj,Uttarākhand,29.13,78.95,2025,December,0.1805,-0.0118,-0.2072,222,17.64
Nagla,Uttarākhand,29.01,79.51,2025,December,0.4516,-0.0761,-0.4228,227,18.23
Jaipur,Rājasthān,26.915,75.82,2025,December,0.6102,-0.1973,-0.6073,441,20.22
Kottarassheri,Kerala,10.6167,76.5333,2025,December,0.4296,0.0525,-0.5055,147,26.15
Attadappa,Kerala,11.85,75.4167,2025,December,0.7684,-0.3356,-0.6934,37,27.81
Barmhan Kalan,Madhya Pradesh,23.0333,79.0167,2025,December,0.5383,-0.1618,-0.5352,337,18.9
Gorakhpur,Chhattīsgarh,22.1688,81.6042,2025,December,0.2682,0.0078,-0.3114,305,21.62
Nagpur,Mahārāshtra,21.1497,79.0806,2025,December,0.3208,-0.1149,-0.3409,318,22.59
Guwahati,Assam,26.1806,91.7502,2025,December,0.0421,0.1185,-0.1917,57,20.33
Ghaziabad,Uttar Pradesh,28.6667,77.4167,2025,December,0.2124,0.0014,-0.2501,211,18.56
Coimbatore,Tamil Nādu,11.0008,76.9633,2025,December,0.3131,-0.0332,-0.3148,417,27.54
Patna,Bihār,25.61,85.1414,2025,December,0.1068,0.1304,-0.1606,63,20.07
Rajkot,Gujarāt,22.2969,70.7984,2025,December,0.0378,0.1885,-0.0541,134,25.6
Vishakhapatnam,Andhra Pradesh,17.6939,83.2922,2025,December,0.2841,-0.0035,-0.3443,12,25.03
Indore,Madhya Pradesh,22.7186,75.855,2025,December,0.0764,0.0908,-0.1878,553,22.93
Abhepur,Punjab,30.6667,76.8333,2025,December,0.2097,0.0323,-0.2586,311,17.78
Gumanwala,Uttarākhand,29.9333,77.9,2025,December,0.0266,0.1106,-0.0987,277,16.01
Thane,Mahārāshtra,19.18,72.9633,2025,December,0.1873,-0.0304,-0.2496,14,27.58
Bhopal,Madhya Pradesh,23.25,77.4167,2025,December,0.1819,0.1086,-0.2265,512,21.36
Agra,Uttar Pradesh,27.18,78.02,2025,December,0.3421,0.0304,-0.4483,184,17.54
Peyanvilai,Tamil Nādu,8.5674,78.1046,2025,December,0.3255,-0.0639,-0.3168,8,26.34
Pimpri-Chinchwad,Mahārāshtra,18.6278,73.8131,2025,December,0.6055,-0.1817,-0.5601,584,24.56
Harbatpur,Uttarākhand,30.45,77.73,2025,December,0.1675,0.0823,-0.2339,445,14.81
Saundhonwali,Uttarākhand,30.3331,77.9608,2025,December,0.0688,0.0369,-0.1042,612,14.67
Ludhiana,Punjab,30.9083,75.8486,2025,December,0.1972,-0.0622,-0.2118,243,16.13
Meerut,Uttar Pradesh,28.98,77.7064,2025,December,0.0724,0.0833,-0.1405,228,17.35
Madurai,Tamil Nādu,9.9197,78.1194,2025,December,0.1052,0.2738,-0.3613,141,28.11
Nasik,Mahārāshtra,20.0,73.7833,2025,December,0.1189,0.1111,-0.1863,588,22.97
Faridabad,Haryāna,28.4167,77.3,2025,December,0.25,0.0532,-0.2841,208,17.18
Madarpur,Bihār,26.227,84.6746,2025,December,0.1186,-0.0325,-0.1317,69,18.44
Najafgarh,Delhi,28.6125,76.9847,2025,December,0.0752,0.006,-0.1135,220,16.71
Jabalpur,Madhya Pradesh,23.1667,79.9333,2025,December,0.1769,0.1785,-0.2335,399,19.44
Madanpur,Uttarākhand,29.326,79.1537,2025,December,0.383,-0.0779,-0.4122,315,16.77
Kamalwaganja Gaur,Uttarākhand,29.2117,79.4654,2025,December,0.2492,0.0336,-0.2583,383,18.68
Kalyan,Mahārāshtra,19.25,73.15,2025,December,0.2075,0.1308,-0.2625,10,25.87
Asansol,West Bengal,23.6833,86.9667,2025,December,0.1648,0.1218,-0.1845,125,19.9
Vijayawada ,Andhra Pradesh,16.5167,80.6167,2025,December,0.4593,-0.1207,-0.4141,27,25.36
Vasai-Virar,Mahārāshtra,19.47,72.8,2025,December,0.1325,0.1773,-0.1951,0,26.68
Varanasi,Uttar Pradesh,25.3189,83.0128,2025,December,0.1707,-0.0023,-0.2723,78,18.88
Kalleli,Kerala,9.2,76.8833,2025,December,0.7965,-0.1992,-0.7202,133,26.35
Srinagar,Jammu and Kashmīr,34.0911,74.8061,2025,December,-0.0063,-0.0935,0.0148,1595,7.27
Aurangabad,Mahārāshtra,19.88,75.32,2025,December,0.2113,0.0282,-0.2971,564,24.79
Dhanbad,Jhārkhand,23.7928,86.435,2025,December,0.3887,0.0257,-0.3873,245,19.14
Amritsar,Punjab,31.6269,74.877,2025,December,0.1248,-0.0391,-0.1957,234,15.91
Haora,West Bengal,22.58,88.3294,2025,December,0.013,0.044,-0.0393,12,20.59
Ranchi,Jhārkhand,23.3556,85.3347,2025,December,0.3057,0.0451,-0.3692,643,18.64
Gwalior,Madhya Pradesh,26.2125,78.1775,2025,December,0.0793,0.092,-0.1953,215,19.68
Jodhpur,Rājasthān,26.2944,73.0278,2025,December,0.1747,0.0708,-0.2479,251,22.59
Chandigarh,Chandīgarh,30.7364,76.7883,2025,December,0.2151,-0.1712,-0.1822,349,16.26
Raipur,Chhattīsgarh,21.2379,81.6337,2025,December,0.0827,0.0298,-0.159,309,22.75
Warangal,Telangāna,17.9756,79.6011,2025,December,0.1071,0.0961,-0.1704,269,24.14
Kota,Rājasthān,25.18,75.83,2025,December,0.1655,0.0271,-0.189,230,21.01
Bareilly,Uttar Pradesh,28.364,79.415,2025,December,0.0528,0.0204,-0.0717,180,18.67
Solapur,Mahārāshtra,17.6703,75.9011,2025,December,0.1951,0.0284,-0.2518,474,25.73
Hubli,Karnātaka,15.3108,75.0925,2025,December,0.2713,0.0349,-0.336,618,24.35
Mysore,Karnātaka,12.3086,76.6531,2025,December,0.0903,0.1024,-0.1114,747,25.26
Trichinopoly,Tamil Nādu,10.8269,78.6928,2025,December,0.2443,0.074,-0.2922,74,26.87
Moradabad,Uttar Pradesh,28.8389,78.7769,2025,December,0.1048,0.0543,-0.1118,205,17.68
Tiruppur,Tamil Nādu,11.1075,77.3398,2025,December,0.3156,-0.0946,-0.3044,305,28.13
Jamnagar,Gujarāt,22.47,70.07,2025,December,0.2675,-0.0108,-0.2556,21,24.66
Gurgaon,Haryāna,28.4667,77.0333,2025,December,0.0439,-0.0343,-0.0969,224,14.01
Aligarh,Uttar Pradesh,27.88,78.08,2025,December,0.2215,0.0491,-0.2693,190,18.19
Jalandhar,Punjab,31.3256,75.5792,2025,December,0.0345,0.0192,-0.0542,242,15.45
Bhubaneshwar,Odisha,20.295,85.825,2025,December,0.1529,-0.1002,-0.1704,47,23.32
Bhayandar,Mahārāshtra,19.3,72.85,2025,December,0.1942,0.0871,-0.2847,9,27.45
Narela,Delhi,28.85,77.1,2025,December,0.281,0.0203,-0.3924,212,16.12
Shishgarh,Uttar Pradesh,28.72,79.32,2025,December,0.665,-0.3762,-0.5879,181,16.81
Thiruvananthapuram,Kerala,8.4875,76.9525,2025,December,0.1089,0.0278,-0.1509,15,31.92
Dispur,Assam,26.15,91.77,2025,December,0.7315,-0.2434,-0.6509,116,21.42
Durgapur,West Bengal,23.55,87.32,2025,December,0.2051,-0.013,-0.1887,90,20.09
Bhiwandi,Mahārāshtra,19.3,73.0667,2025,December,0.1019,-0.0361,-0.1739,25,28.31
Saharanpur,Uttar Pradesh,29.964,77.546,2025,December,0.0443,0.0132,-0.079,280,16.95
Shiliguri,West Bengal,26.72,88.42,2025,December,0.1669,0.0799,-0.1601,119,22.38
Avadi,Tamil Nādu,13.1147,80.1098,2025,December,0.1282,-0.035,-0.092,32,26.99
Salem,Tamil Nādu,11.65,78.1667,2025,December,0.0824,0.1027,-0.1747,285,28.2
Jui,Uttarākhand,29.67,78.9098,2025,December,0.7885,-0.1702,-0.7093,890,14.88
Amaldu,Uttarākhand,29.9333,78.5333,2025,December,0.5525,0.0055,-0.6093,1406,12.99
Kimsar,Jammu and Kashmīr,34.5,74.5333,2025,December,0.2841,-0.4102,-0.2829,3058,-2.17
Sinduri,Himāchal Pradesh,30.7167,77.15,2025,December,0.3096,0.0403,-0.403,943,14.89
Gorakhpur,Uttar Pradesh,26.7611,83.3667,2025,December,0.1634,-0.0058,-0.2046,84,20.26
Guntur,Andhra Pradesh,16.3,80.45,2025,December,0.1503,0.0288,-0.1555,34,27.26
Karaikandi,Assam,24.8309,92.6143,2025,December,0.7778,-0.2929,-0.6848,20,21.41
